user_id,movie_id,rate
109494,the+best+years+of+our+lives+1946,4
537162,the+lord+of+the+rings+the+two+towers+2002,4
221982,north+by+northwest+1959,4
121040,one+flew+over+the+cuckoos+nest+1975,4
405473,the+best+and+the+brightest+2010,3
527701,fight+club+1999,5
471671,star+wars+1977,5
45220,how+to+train+your+dragon+2010,4
369237,fools+gold+2008,2
94707,the+matrix+1999,4
248216,the+nun+1966,3
60248,life+is+beautiful+1997,5
180699,city+of+god+2002,4
570595,pulp+fiction+1994,4
275333,the+incredible+hulk+2008,3
434344,the+lord+of+the+rings+the+two+towers+2002,4
372572,blood+simple+1984,3
92065,the+fourth+world+war+2003,4
258324,life+is+beautiful+1997,5
564935,dear+zachary+a+letter+to+a+son+about+his+father+2008,4
416587,city+lights+1931,4
397048,2001+a+space+odyssey+1968,4
569051,the+lives+of+others+2006,4
114154,the+silence+of+the+lambs+1991,5
515351,star+wars+1977,5
307688,before+night+falls+2000,5
556269,moscow+does+not+believe+in+tears+1980,5
568110,the+matrix+1999,4
294852,amlie+2001,4
381310,maleficent+2014,3
558620,the+best+years+of+our+lives+1946,4
62242,city+lights+1931,4
447032,city+lights+1931,5
31402,star+wars+1977,4
452037,pans+labyrinth+2006,3
196514,the+lives+of+others+2006,4
498724,schindlers+list+1993,4
222062,the+professionals+1966,5
213424,city+lights+1931,5
108212,the+usual+suspects+1995,4
32737,alien+1979,4
428451,city+lights+1931,4
436964,city+lights+1931,3
265757,moon+2009,4
498271,casablanca+1942,4
510991,fargo+1996,4
234343,the+ascent+of+money+2009,4
170219,being+john+malkovich+1999,5
480452,the+protector+1985,4
81691,lone+wolf+and+cub+baby+cart+to+hades+1972,5
340457,the+phantom+of+the+opera+2004,4
495920,toy+story+3+2010,4
281855,the+lives+of+others+2006,4
183345,the+godfather+1972,4
352320,black+cat_+white+cat+1998,4
332728,all+the+presidents+men+1976,4
330001,the+princess+bride+1987,4
286050,the+rutles+all+you+need+is+cash+1978,4
413813,noises+off...+1992,4
472630,the+princess+bride+1987,4
313854,basket+case+2+1990,3
52128,the+wing+or+the+thigh+1976,4
389915,the+godfather+1972,4
556800,fear+island+2009,4
323527,star+wars+1977,4
577372,princess+mononoke+1997,4
48771,listen+to+britain+1942,3
370243,life+is+beautiful+1997,5
393020,schindlers+list+1993,4
329367,casablanca+1942,3
79253,the+graduate+1967,3
521410,amlie+2001,4
472027,city+of+god+2002,5
516841,adams+apples+2005,5
116610,forrest+gump+1994,4
459143,american+beauty+1999,5
257451,citizen+kane+1941,4
158025,black+cat_+white+cat+1998,4
154744,broadway+melody+of+1938+1937,4
261104,the+woman+on+pier+13+1949,4
58151,the+lord+of+the+rings+the+return+of+the+king+2003,4
226890,the+lives+of+others+2006,4
327252,house+party+tonights+the+night+2013,3
563825,city+lights+1931,4
276937,city+lights+1931,3
202765,manta+-+der+film+1991,3
143218,taxi+driver+1976,4
553434,defending+your+life+1991,4
569620,the+shawshank+redemption+1994,5
67561,ishq+1997,3
372349,the+dark+knight+rises+2012,3
351550,monty+python+and+the+holy+grail+1975,4
239070,the+shawshank+redemption+1994,5
438392,pain++gain+2013,3
359293,troubled+water+2008,4
169938,blade+runner+1982,4
393590,schindlers+list+1993,4
146758,cirque+du+soleil+dralion+2001,4
540676,ivans+childhood+1962,4
443927,se7en+1995,5
530079,whatever+lola+wants+2007,4
255678,a+cat+in+paris+2010,3
132116,schindlers+list+1993,4
450263,the+usual+suspects+1995,4
368871,a+gang+story+2011,4
22252,george+washington+slept+here+1942,5
487260,delbaran+2001,3
502425,dragon+2011,3
252372,the+shawshank+redemption+1994,5
29072,the+lord+of+the+rings+the+fellowship+of+the+ring+2001,4
409265,the+rise+and+fall+of+legs+diamond+1960,5
426130,the+princess+bride+1987,5
108505,the+shawshank+redemption+1994,3
435158,the+devil+wears+prada+2006,4
29379,the+empire+strikes+back+1980,4
182848,the+dark+knight+rises+2012,4
474760,dr.+strangelove+or+how+i+learned+to+stop+worrying+and+love+the+bomb+1964,4
438380,black+cat_+white+cat+1998,4
398947,submarine+2011,4
320548,honey+2013,5
433757,city+lights+1931,4
585926,goodfellas+1990,5
590655,the+terminator+1984,4
310510,the+usual+suspects+1995,5
465674,raiders+of+the+lost+ark+1981,4
330609,the+shawshank+redemption+1994,4
363461,ratatouille+2007,4
289748,the+lord+of+the+rings+the+fellowship+of+the+ring+2001,5
456116,sleuth+1972,4
135611,city+lights+1931,4
248863,bringing+up+baby+1938,4
578851,city+of+god+2002,4
229977,the+shawshank+redemption+1994,4
107139,the+bourne+identity+2002,4
427371,ace+ventura+pet+detective+1994,4
483700,black+sunday+1960,2
180331,the+princess+bride+1987,5
396337,the+people+vs.+larry+flynt+1996,4
488712,zero+dark+thirty+2012,4
20714,the+green+mile+1999,3
218141,the+sting+1973,5
383982,three+colors+red+1994,3
28409,raiders+of+the+lost+ark+1981,4
341440,the+best+years+of+our+lives+1946,5
430709,dr.+strangelove+or+how+i+learned+to+stop+worrying+and+love+the+bomb+1964,4
563839,saving+private+ryan+1998,5
517495,the+lord+of+the+rings+the+two+towers+2002,5
419679,fight+club+1999,5
456944,city+lights+1931,5
366717,city+lights+1931,4
484541,richard+pryor+live+in+concert+1979,4
68246,good+bye_+lenin+2003,5
423352,enchantment+1948,4
576491,mulan+1998,4
375596,the+usual+suspects+1995,4
56886,signs+of+life+1968,2
215325,the+great+debaters+2007,5
336044,bambi+1942,4
166162,the+hands+of+orlac+1924,3
190681,dr.+strangelove+or+how+i+learned+to+stop+worrying+and+love+the+bomb+1964,5
8722,m+1931,4
222362,3-iron+2004,4
369648,spirited+away+2001,4
127008,pulp+fiction+1994,4
143864,the+lord+of+the+rings+the+fellowship+of+the+ring+2001,4
382136,the+godfather+part+ii+1974,5
358365,the+usual+suspects+1995,4
214356,the+empire+strikes+back+1980,4
72831,very+ordinary+couple+2013,4
178069,the+usual+suspects+1995,5
243695,the+empire+strikes+back+1980,5
380716,taxi+driver+1976,4
245275,abandoned+2010,3
284804,beauty+and+the+beast+1991,4
409749,the+road+1982,4
70482,pulp+fiction+1994,4
480166,the+shawshank+redemption+1994,5
143988,the+princess+bride+1987,4
469795,father+and+son+2003,4
539074,blade+runner+1982,4
451421,the+lord+of+the+rings+the+return+of+the+king+2003,5
294295,memento+2000,4
545435,the+salt+of+the+earth+2014,3
364505,the+barbarian+invasions+2003,4
479232,the+godfather+1972,5
184596,star+wars+1977,3
316240,city+lights+1931,4
387985,fight+club+1999,4
144300,henry+2010,4
308065,dead+man+down+2013,4
591737,spellbound+2002,5
116318,a+scanner+darkly+2006,3
269267,lara+croft+tomb+raider+the+cradle+of+life+2003,4
124541,the+usual+suspects+1995,4
506369,american+history+x+1998,4
433875,castle+in+the+sky+1986,4
584780,schindlers+list+1993,5
189441,naked+1993,3
266975,the+godfather+part+ii+1974,4
517280,the+chronicles+of+narnia+the+lion_+the+witch+and+the+wardrobe+2005,3
320120,santas+apprentice+2010,2
574916,alan+partridge+alpha+papa+2013,5
164870,barren+lives+1963,3
334424,how+to+train+your+dragon+2010,5
208147,the+lord+of+the+rings+the+two+towers+2002,3
229833,the+lives+of+others+2006,4
125586,the+empire+strikes+back+1980,3
125940,city+lights+1931,3
536032,the+princess+bride+1987,4
280803,city+lights+1931,5
346108,the+executor+1981,3
232980,memento+2000,4
417177,hellraiser+1987,4
585613,guardians+of+the+galaxy+2014,5
141036,the+matrix+1999,4
434806,the+lives+of+others+2006,4
344280,pans+labyrinth+2006,5
587562,harold+and+maude+1971,4
385682,cinema+paradiso+1988,4
517545,snow+white+and+the+seven+dwarfs+1937,4
313536,goodfellas+1990,5
68928,life+is+beautiful+1997,4
333436,notorious+1946,5
135583,the+shawshank+redemption+1994,5
356836,the+matrix+1999,4
587668,the+host+2006,3
207604,the+lord+of+the+rings+the+return+of+the+king+2003,5
29104,the+lord+of+the+rings+the+two+towers+2002,4
303963,schindlers+list+1993,5
199266,memento+2000,4
593917,the+shawshank+redemption+1994,4
106814,the+princess+bride+1987,4
297440,dolls+2002,5
492522,one+flew+over+the+cuckoos+nest+1975,4
226308,django+unchained+2012,4
53981,a+clockwork+orange+1971,4
365237,...and+justice+for+all+1979,4
557790,the+mad+magician+1954,3
4943,the+hunt+2012,4
125992,pirates+of+the+caribbean+the+curse+of+the+black+pearl+2003,4
165842,the+usual+suspects+1995,5
223274,fight+club+1999,4
262302,interstellar+2014,4
112968,raise+the+red+lantern+1991,4
569668,the+shawshank+redemption+1994,5
122340,star+wars+1977,5
37816,creature+comforts+1989,4
7984,the+shawshank+redemption+1994,5
591848,dr.+strangelove+or+how+i+learned+to+stop+worrying+and+love+the+bomb+1964,3
223406,the+godfather+1972,5
170180,hunting+and+gathering+2007,4
469177,kingsman+the+secret+service+2015,4
236866,the+usual+suspects+1995,4
380377,the+princess+bride+1987,5
93750,the+shawshank+redemption+1994,4
441015,life+is+beautiful+1997,4
428825,the+usual+suspects+1995,5
103192,the+lives+of+others+2006,4
250395,leila+1997,4
131043,moscow+does+not+believe+in+tears+1980,5
131930,schindlers+list+1993,4
194691,color+me+blood+red+1965,3
29440,life+is+beautiful+1997,4
115180,creature+comforts+1989,4
491717,finding+nemo+2003,3
551983,the+empire+strikes+back+1980,2
146954,pulp+fiction+1994,4
229227,four+adventures+of+reinette+and+mirabelle+1987,4
456200,all+about+my+mother+1999,3
356403,the+shawshank+redemption+1994,5
421332,inception+2010,4
149375,harry+potter+and+the+chamber+of+secrets+2002,4
191652,raiders+of+the+lost+ark+1981,4
245095,poultrygeist+night+of+the+chicken+dead+2006,3
530076,howling+v+the+rebirth+1989,3
492131,brazil+1985,4
421168,stonehearst+asylum+2014,4
64479,the+usual+suspects+1995,5
115424,the+graduate+1967,4
223155,touch+of+evil+1958,4
578094,grass+1999,4
502871,helter+skelter+1976,4
210902,the+godfather+1972,5
173299,airplane+1980,4
538679,star+wars+1977,4
291307,schindlers+list+1993,5
312066,the+sting+1973,5
109643,blade+runner+1982,5
333937,dr.+strangelove+or+how+i+learned+to+stop+worrying+and+love+the+bomb+1964,5
339402,schindlers+list+1993,5
562509,modern+times+1936,4
438484,blade+runner+1982,4
319276,kikis+delivery+service+1989,4
82049,the+shawshank+redemption+1994,5
279432,the+matrix+1999,4
585527,city+lights+1931,4
527660,black+cat_+white+cat+1998,4
168065,the+shawshank+redemption+1994,4
549502,the+life+and+death+of+colonel+blimp+1943,4
111391,the+godfather+part+ii+1974,4
530229,schindlers+list+1993,4
62741,the+usual+suspects+1995,3
510131,modern+times+1936,4
45042,dr.+strangelove+or+how+i+learned+to+stop+worrying+and+love+the+bomb+1964,4
26341,the+bad+and+the+beautiful+1952,5
549778,eye+of+the+needle+1981,3
33946,the+shawshank+redemption+1994,4
76877,blade+runner+1982,4
28355,schindlers+list+1993,5
399036,narrow+margin+1990,3
490461,3-iron+2004,5
571166,the+godfather+1972,5
571791,a+better+tomorrow+ii+1987,4
35376,the+godfather+part+ii+1974,5
533312,dr.+strangelove+or+how+i+learned+to+stop+worrying+and+love+the+bomb+1964,4
304823,godzilla+final+wars+2004,4
406352,braveheart+1995,4
226919,american+beauty+1999,3
482978,the+angels+share+2012,4
581397,taxi+driver+1976,4
4276,high+noon+1952,4
567933,how+to+die+in+oregon+2011,3
233840,the+godfather+part+ii+1974,5
410125,the+lord+of+the+rings+the+fellowship+of+the+ring+2001,4
2902,the+godfather+1972,5
315700,the+lives+of+others+2006,4
201058,the+shawshank+redemption+1994,5
273228,the+godfather+1972,3
391802,the+wrong+trousers+1993,5
336597,dr.+no+1962,3
327175,pans+labyrinth+2006,4
469256,hoop+dreams+1994,3
397732,zorba+the+greek+1964,3
7427,kikis+delivery+service+1989,4
336603,the+princess+bride+1987,5
346705,forever+mine+1999,2
68284,austin+powers+international+man+of+mystery+1997,4
104388,return+of+the+jedi+1983,3
131824,the+lord+of+the+rings+the+fellowship+of+the+ring+2001,5
116382,casablanca+1942,4
272497,the+lord+of+the+rings+the+fellowship+of+the+ring+2001,4
112436,persepolis+2007,4
436131,the+godfather+1972,4
86586,goodfellas+1990,4
145292,morphine+2008,3
276924,the+lady+vanishes+1938,3
61317,the+escapist+2002,4
263120,city+lights+1931,4
357588,schindlers+list+1993,4
173952,fight+club+1999,5
110959,the+matrix+1999,5
68060,american+beauty+1999,1
584769,taxi+driver+1976,4
562761,the+graduate+1967,4
372333,american+beauty+1999,5
248037,one+flew+over+the+cuckoos+nest+1975,4
259990,hxan+1922,4
105053,the+terminator+1984,4
366082,the+golden+coach+1952,2
551220,m+1931,4
49813,gigantic+a+tale+of+two+johns+2002,3
6076,city+lights+1931,4
250508,beetlejuice+1988,4
349529,wreck-it+ralph+2012,5
221905,the+shawshank+redemption+1994,5
484285,the+godfather+1972,5
247901,the+lord+of+the+rings+the+two+towers+2002,5
302969,the+shawshank+redemption+1994,5
313449,the+usual+suspects+1995,5
410163,stonehearst+asylum+2014,4
5344,i_+robot+2004,3
412499,amlie+2001,4
113521,three+colors+red+1994,4
389243,albino+alligator+1996,3
395102,family+1996,3
174355,gone+girl+2014,5
317891,fog+city+mavericks+2007,4
542638,the+lord+of+the+rings+the+return+of+the+king+2003,4
590286,maverick+1994,4
552950,taxi+driver+1976,4
231397,predator+1987,4
318360,m+1931,4
252822,pans+labyrinth+2006,3
359508,the+usual+suspects+1995,4
63941,the+lord+of+the+rings+the+two+towers+2002,5
522118,the+lives+of+others+2006,5
447973,the+dark+knight+rises+2012,4
116599,toy+story+3+2010,5
91432,schindlers+list+1993,5
209285,harold+and+maude+1971,4
22006,lawrence+of+arabia+1962,4
368745,the+night+of+the+hunter+1955,3
342618,forbidden+planet+1956,4
381274,city+lights+1931,4
446887,forrest+gump+1994,4
68128,the+shawshank+redemption+1994,4
302348,the+usual+suspects+1995,5
575923,the+lord+of+the+rings+the+fellowship+of+the+ring+2001,5
387817,schindlers+list+1993,5
341604,the+good_+the+bad+and+the+ugly+1966,4
332089,the+empire+strikes+back+1980,5
169562,fight+club+1999,3
415206,ponyo+2008,4
389107,city+of+god+2002,4
441441,star+wars+1977,3
77873,meet+the+browns+2008,4
386152,my+afternoons+with+margueritte+2010,5
438753,the+godfather+part+ii+1974,4
234506,on+modern+servitude+2009,4
319133,the+shawshank+redemption+1994,5
577747,the+godfather+1972,5
217857,the+usual+suspects+1995,5
467937,everything+is+illuminated+2005,3
353864,y+tu+mam+tambin+2001,4
228686,wreck-it+ralph+2012,5
257276,taxi+driver+1976,4
257465,singin+in+the+rain+1952,4
114529,good+will+hunting+1997,4
420642,schindlers+list+1993,5
286969,city+lights+1931,4
503981,the+blind+side+2009,4
583650,city+lights+1931,3
485621,phase+7+2011,3
320529,city+lights+1931,4
77184,the+best+years+of+our+lives+1946,4
225072,the+great+debaters+2007,4
20529,the+last+seduction+1994,4
149241,lovers+and+other+strangers+1970,3
329439,to+kill+a+mockingbird+1962,4
551457,a+close+shave+1995,5
288970,the+haunted+house+1929,3
271002,terminator+2+judgment+day+1991,3
554652,the+shawshank+redemption+1994,4
499103,fight+club+1999,5
458214,body+2015,4
580412,life+is+beautiful+1997,3
363360,incendies+2010,4
500929,the+panic+in+needle+park+1971,4
592461,the+closet+2001,3
37664,the+land+before+time+x+the+great+longneck+migration+2003,4
127603,dr.+strangelove+or+how+i+learned+to+stop+worrying+and+love+the+bomb+1964,4
41790,dr.+strangelove+or+how+i+learned+to+stop+worrying+and+love+the+bomb+1964,3
548138,save+the+green+planet+2003,4
93499,the+shawshank+redemption+1994,5
355688,rear+window+1954,4
571093,random+harvest+1942,3
569079,the+savages+2007,4
156315,schindlers+list+1993,4
276271,city+lights+1931,5
441966,fight+club+1999,5
34244,american+beauty+1999,4
203601,modern+times+1936,3
361688,samurai+iii+duel+at+ganryu+island+1956,4
477522,shrek+2001,3
533798,the+shawshank+redemption+1994,5
456081,waking+life+2001,4
316814,novena+2005,4
328435,city+lights+1931,5
169166,scrooge+1970,4
71160,city+of+god+2002,5
407611,george+lopez+americas+mexican+2007,4
29186,epidemic+1987,3
74166,the+best+years+of+our+lives+1946,4
160633,the+great+escape+1963,5
214964,se7en+1995,5
180562,star+wars+1977,4
28043,donnie+darko+2001,3
405015,dr.+strangelove+or+how+i+learned+to+stop+worrying+and+love+the+bomb+1964,4
284795,touch+of+evil+1958,4
428257,the+lord+of+the+rings+the+fellowship+of+the+ring+2001,4
557610,the+hunt+2012,4
103433,the+shawshank+redemption+1994,4
515942,hoop+dreams+1994,3
458992,secondhand+lions+2003,3
254172,l.a.+confidential+1997,4
61548,fargo+1996,4
282959,the+matrix+1999,4
161362,the+sting+1973,5
138581,the+usual+suspects+1995,4
136483,sunset+boulevard+1950,3
218980,incendies+2010,4
76752,city+of+god+2002,4
362428,messages+deleted+2009,3
554154,pulp+fiction+1994,5
574429,the+matrix+1999,4
65008,l.a.+confidential+1997,4
103348,the+lord+of+the+rings+the+two+towers+2002,5
51367,spring_+summer_+fall_+winter...+and+spring+2003,3
161333,peter+pan+1953,4
331600,thurgood+2011,4
222236,dr.+strangelove+or+how+i+learned+to+stop+worrying+and+love+the+bomb+1964,4
435783,all+i+want+for+christmas+1991,4
144965,schindlers+list+1993,4
361185,the+green+mile+1999,5
84533,good+bye_+lenin+2003,3
150890,schindlers+list+1993,5
292647,life+is+beautiful+1997,4
277414,casablanca+1942,4
58444,the+matrix+1999,4
550836,apocalypse+now+1979,4
12757,incendies+2010,3
567402,the+lord+of+the+rings+the+two+towers+2002,4
294352,royal+palace+2005,3
29265,casablanca+1942,5
118219,spellbound+2002,4
534195,gladiator+2000,3
278493,despicable+me+2+2013,2
326947,schindlers+list+1993,5
426673,casablanca+1942,4
50083,my+neighbor+totoro+1988,5
108702,the+shawshank+redemption+1994,5
242078,girl+shy+1924,4
355352,hot+fuzz+2007,5
45476,topper+takes+a+trip+1938,5
520741,never+say+never+again+1983,5
138450,toy+story+1995,3
514310,phenomenon+1996,3
35943,into+the+wild+2007,3
443336,forrest+gump+1994,4
157257,the+lord+of+the+rings+the+fellowship+of+the+ring+2001,5
253173,the+wrong+trousers+1993,4
326030,nights+of+cabiria+1957,3
114424,the+godfather+1972,5
40866,m+1931,4
311894,american+beauty+1999,4
428533,city+lights+1931,4
53066,fury+2014,2
419229,asterix+the+mansions+of+the+gods+2014,3
500221,raiders+of+the+lost+ark+1981,5
86160,wartorn+1861-2010+2010,3
296979,the+lives+of+others+2006,4
249627,incendies+2010,4
437260,annie+hall+1977,3
159717,american+beauty+1999,3
591944,modern+times+1936,4
445627,asterix+and+cleopatra+1968,4
301608,american+beauty+1999,5
69366,the+matrix+1999,5
154562,city+lights+1931,4
380063,whiplash+2014,5
287505,despicable+me+2010,4
428377,the+godfather+part+ii+1974,4
458176,insurgent+2015,3
207455,big+hero+6+2014,5
422255,the+usual+suspects+1995,4
195704,shrek+2+2004,4
158158,creature+comforts+1989,5
459293,lost+and+delirious+2001,4
71396,blade+runner+1982,4
527661,the+goonies+1985,3
556659,the+usual+suspects+1995,3
39694,the+godfather+1972,4
495916,mirror+mirror+2012,3
394422,american+beauty+1999,4
341425,the+usual+suspects+1995,4
102925,rear+window+1954,3
567430,bananaz+2008,3
579375,m*a*s*h+1970,4
270513,schindlers+list+1993,5
508747,the+staircase+2004,5
105735,lawrence+of+arabia+1962,4
181658,dont+deliver+us+from+evil+1971,4
232139,city+of+god+2002,5
204744,61*+2001,4
268403,dr.+horribles+sing-along+blog+2008,5
229308,the+toll+of+the+sea+1922,3
175078,hiroshima+mon+amour+1959,5
231023,fight+club+1999,3
280307,the+godfather+part+ii+1974,3
114032,batman+unmasked+the+psychology+of+the+dark+knight+2008,3
55905,the+lives+of+others+2006,4
544818,the+best+years+of+our+lives+1946,4
424553,raiders+of+the+lost+ark+1981,5
115584,les+enfants+terribles+1950,3
99266,conan+the+barbarian+1982,3
35216,fight+club+1999,2
32468,the+andromeda+strain+1971,5
86196,the+usual+suspects+1995,4
476300,moneyball+2011,4
19247,star+wars+1977,5
266265,the+lord+of+the+rings+the+two+towers+2002,5
222489,se7en+1995,4
339503,princess+mononoke+1997,5
66968,saving+private+ryan+1998,5
515034,the+shawshank+redemption+1994,5
323775,papillon+1973,3
148552,akira+1988,3
336182,gone+girl+2014,4
480290,black+cat_+white+cat+1998,4
560889,toy+story+1995,5
314989,the+godfather+part+ii+1974,4
40389,schindlers+list+1993,5
3039,m+1931,5
430815,the+lord+of+the+rings+the+two+towers+2002,3
10584,the+grocers+son+2007,3
103053,fargo+1996,4
502868,the+empire+strikes+back+1980,4
260789,dr.+strangelove+or+how+i+learned+to+stop+worrying+and+love+the+bomb+1964,5
275231,incendies+2010,4
456138,the+godfather+1972,3
428553,the+godfather+part+ii+1974,2
191962,star+wars+1977,4
36858,forrest+gump+1994,4
570914,on+golden+pond+1981,3
383388,great+escape+the+untold+story+2001,3
329284,city+lights+1931,3
187373,to+kill+a+mockingbird+1962,4
37348,fargo+1996,5
159836,the+best+years+of+our+lives+1946,4
313883,the+godfather+1972,4
549324,the+lord+of+the+rings+the+fellowship+of+the+ring+2001,4
157905,the+sting+1973,3
290757,blade+runner+1982,4
402610,the+double+life+of+veronique+1991,4
513250,pans+labyrinth+2006,4
436557,my+neighbor+totoro+1988,4
496220,blade+runner+1982,3
314755,jiro+dreams+of+sushi+2011,5
550825,the+usual+suspects+1995,5
554585,brazil+1985,5
294101,casablanca+1942,4
163577,the+shawshank+redemption+1994,4
59280,shrek+2001,5
54266,whisper+of+the+heart+1995,4
351985,rushmore+1998,3
16768,guys+and+dolls+1955,5
382071,awakenings+1990,5
12999,justin+and+the+knights+of+valour+2013,5
389481,fight+club+1999,4
49098,red+angel+1966,4
505273,star+wars+episode+iii+-+revenge+of+the+sith+2005,3
376916,the+art+of+the+steal+2009,3
589012,dr.+horribles+sing-along+blog+2008,4
525217,taxi+driver+1976,3
100760,fight+club+1999,4
103701,bless+the+child+2000,2
101139,city+lights+1931,4
285632,the+lord+of+the+rings+the+two+towers+2002,4
557582,the+shawshank+redemption+1994,5
83718,city+lights+1931,4
532669,city+lights+1931,5
66884,the+last+song+2010,3
428389,the+way+he+looks+2014,4
409830,trailer+park+boys+the+movie+2006,4
278597,the+empire+strikes+back+1980,4
115080,taxi+driver+1976,4
152457,star+wars+1977,4
98693,dacii+1967,3
217368,the+imitation+game+2014,4
371499,whos+afraid+of+virginia+woolf+1966,5
405751,pulp+fiction+1994,3
359729,the+shawshank+redemption+1994,4
576942,city+lights+1931,3
51802,top+hat+1935,4
186904,indiana+jones+and+the+last+crusade+1989,4
128226,headhunters+2011,4
17349,moscow+does+not+believe+in+tears+1980,3
91787,the+shawshank+redemption+1994,4
159186,indiana+jones+and+the+temple+of+doom+1984,4
320612,star+wars+1977,5
377187,incendies+2010,4
71488,schindlers+list+1993,5
3529,marwencol+2010,5
314150,the+immigrant+1917,4
318938,braveheart+1995,5
235235,paradise+faith+2012,3
167192,the+shawshank+redemption+1994,5
437343,star+wars+1977,4
138168,the+shawshank+redemption+1994,4
478466,cinderella+1950,5
115795,raiders+of+the+lost+ark+1981,4
403556,craig+ferguson+im+here+to+help+2013,5
351664,levity+2003,3
397094,vertigo+1958,4
406588,scarface+1983,3
369567,harry+potter+and+the+half-blood+prince+2009,4
26309,ashes+and+diamonds+1958,3
26114,life+is+beautiful+1997,5
335736,bloodrayne+deliverance+2007,4
220935,star+wars+1977,4
174782,national+lampoons+cattle+call+2006,3
263614,rear+window+1954,5
287627,the+graduate+1967,4
69190,apocalypse+now+1979,4
385014,city+lights+1931,4
321907,citizen+kane+1941,4
259879,goodfellas+1990,4
491,predator+1987,4
121280,life+is+beautiful+1997,4
181344,city+lights+1931,4
430100,chopper+2000,4
178155,the+princess+bride+1987,4
455440,alien+outpost+2014,4
445623,the+end+of+poverty+2008,5
586859,lifeboat+1944,4
425463,fight+club+1999,4
406101,the+godfather+part+ii+1974,5
303987,crazy_+stupid_+love.+2011,4
585219,forrest+gump+1994,4
260733,brazil+1985,4
185082,six+of+a+kind+1934,3
427896,the+lord+of+the+rings+the+return+of+the+king+2003,5
396514,rashomon+1950,5
61691,nora+roberts+angels+fall+2007,2
301323,patch+adams+1998,3
555212,jos++pilar+2010,3
373553,precious+2009,4
472433,ratatouille+2007,4
587862,french+fried+vacation+1978,2
415430,terry+fator+live+from+las+vegas+2009,4
250524,pulp+fiction+1994,5
281776,touch+of+evil+1958,3
576808,joy+ride+2+dead+ahead+2008,4
365486,the+wrong+trousers+1993,4
285094,simple+men+1992,4
313932,the+usual+suspects+1995,5
87281,quitting+2001,3
249697,dr.+strangelove+or+how+i+learned+to+stop+worrying+and+love+the+bomb+1964,4
581060,rockin+in+the+rockies+1945,4
551073,the+manchurian+candidate+1962,3
177554,the+godfather+1972,4
403387,two+years+at+sea+2011,3
267737,gold+1974,3
168587,city+lights+1931,3
23728,toy+story+1995,4
231605,monty+python+and+the+holy+grail+1975,4
591718,three+colors+red+1994,5
295728,fight+club+1999,4
86041,city+lights+1931,4
407770,the+shawshank+redemption+1994,4
137596,dr.+no+1962,4
111717,schindlers+list+1993,4
1151,fight+club+1999,4
103300,black+cat_+white+cat+1998,5
567456,12+angry+men+1957,5
182671,incendies+2010,5
539966,american+beauty+1999,4
333653,killing+auntie+1985,3
141549,21+ways+to+ruin+a+marriage+2013,3
39549,lawrence+of+arabia+1962,4
181887,the+usual+suspects+1995,4
439844,spirited+away+2001,4
472531,black+cat_+white+cat+1998,4
293285,star+wars+1977,5
438259,the+walking+hills+1949,3
504737,the+silence+of+the+lambs+1991,5
437822,let+the+bullets+fly+2010,4
548962,the+sting+1973,5
113532,terminator+2+judgment+day+1991,4
57074,the+godfather+1972,4
170170,the+lord+of+the+rings+the+two+towers+2002,3
234075,la+maladie+de+sachs+1999,5
10615,get+out+your+handkerchiefs+1978,3
171642,giant+1956,4
590469,greed+1924,4
388361,dinoshark+2010,4
189012,the+shawshank+redemption+1994,4
526313,all+in+a+nights+work+1961,3
525925,the+boy+in+the+striped+pyjamas+2008,3
462187,fight+club+1999,4
57383,nights+of+cabiria+1957,3
483857,moon+2009,4
432675,taxi+driver+1976,4
296982,city+lights+1931,4
194211,star+wars+1977,3
446700,beyond+the+valley+of+the+dolls+1970,4
354891,star+wars+1977,5
264214,the+great+silence+1968,3
452767,city+lights+1931,4
484917,whiplash+2014,5
579175,the+shawshank+redemption+1994,4
181662,the+shawshank+redemption+1994,4
344949,the+manchurian+candidate+1962,4
236464,fight+club+1999,5
518143,thelma++louise+1991,3
244871,on+the+waterfront+1954,4
550078,infernal+affairs+2002,3
191293,whisper+of+the+heart+1995,4
118195,touch+of+evil+1958,3
484338,city+of+god+2002,4
19680,the+gentleman+from+epsom+1962,3
289732,crumb+1994,4
207001,fight+club+1999,5
179671,dr.+strangelove+or+how+i+learned+to+stop+worrying+and+love+the+bomb+1964,5
390209,braveheart+1995,5
262127,undertaking+betty+2002,3
392955,future+by+design+2006,3
555080,north+by+northwest+1959,5
162512,dr.+strangelove+or+how+i+learned+to+stop+worrying+and+love+the+bomb+1964,4
529061,american+beauty+1999,5
178536,the+blind+side+2009,4
75278,the+lives+of+others+2006,4
383313,the+wizard+of+oz+1939,5
366534,memento+2000,3
451175,the+shawshank+redemption+1994,5
469107,the+shawshank+redemption+1994,5
261223,the+silent+partner+1978,4
373259,the+best+years+of+our+lives+1946,4
377401,the+secret+world+of+arrietty+2010,4
355115,the+shawshank+redemption+1994,5
280343,titanic+1997,3
169918,the+lord+of+the+rings+the+fellowship+of+the+ring+2001,5
519641,the+shawshank+redemption+1994,4
506362,casablanca+1942,3
468761,schindlers+list+1993,5
164163,the+arrival+of+a+train+at+la+ciotat+1896,4
169009,kes+1969,4
98713,new+wave+2008,4
513469,shadow+of+a+doubt+1943,3
171879,nights+of+cabiria+1957,3
64385,a+close+shave+1995,4
203942,the+shawshank+redemption+1994,4
176661,top+hat+1935,5
269333,star+wars+1977,5
84595,the+lord+of+the+rings+the+fellowship+of+the+ring+2001,4
244269,a+close+shave+1995,4
32832,city+lights+1931,5
234388,the+shawshank+redemption+1994,5
23152,un+chien+andalou+1929,4
328292,the+matrix+1999,5
441722,dr.+strangelove+or+how+i+learned+to+stop+worrying+and+love+the+bomb+1964,5
3915,the+silence+of+the+lambs+1991,3
471148,play+misty+for+me+1971,3
402048,dr.+horribles+sing-along+blog+2008,4
218261,cra+cuervos+1975,3
82275,harrison+bergeron+1995,4
202051,the+lady+vanishes+1938,4
382938,the+lord+of+the+rings+the+fellowship+of+the+ring+2001,3
115860,city+of+god+2002,5
93846,the+lord+of+the+rings+the+two+towers+2002,5
96308,city+of+god+2002,5
74911,the+matrix+1999,4
192727,affliction+1997,4
185665,m+1931,4
363742,the+lord+of+the+rings+the+two+towers+2002,4
431236,incendies+2010,4
456633,fight+club+1999,5
407443,the+sound+of+music+1965,3
284270,on+the+waterfront+1954,5
127086,iron+man+2+2010,4
583326,inside+2007,4
234175,schindlers+list+1993,4
41516,schindlers+list+1993,5
115962,one+flew+over+the+cuckoos+nest+1975,4
555479,donnie+darko+2001,3
548244,star+wars+1977,4
443672,batman+the+dark+knight+returns_+part+1+2012,4
167816,interstellar+2014,5
494263,drive-in+horrorshow+2009,2
587299,the+princess+bride+1987,3
237739,pans+labyrinth+2006,4
200383,dr.+strangelove+or+how+i+learned+to+stop+worrying+and+love+the+bomb+1964,4
186585,dr.+horribles+sing-along+blog+2008,3
520185,city+of+god+2002,3
72157,shaft+2000,4
580561,life+and+debt+2003,5
170581,the+human+pyramid+1899,3
195341,nights+of+cabiria+1957,5
229440,the+patriot+2000,4
483634,the+lord+of+the+rings+the+two+towers+2002,5
311886,blood+simple+1984,4
33496,the+godfather+part+ii+1974,3
288646,the+lord+of+the+rings+the+fellowship+of+the+ring+2001,5
515343,3-iron+2004,5
377151,the+princess+bride+1987,4
370279,the+lord+of+the+rings+the+return+of+the+king+2003,4
548253,far+side+of+the+moon+2003,4
202293,dream+for+an+insomniac+1996,4
112857,the+godfather+part+ii+1974,5
140082,schindlers+list+1993,3
158109,the+shawshank+redemption+1994,5
221992,defenseless+1991,3
217068,cry-baby+1990,4
305941,city+lights+1931,4
51343,brazil+1985,5
263668,fight+club+1999,5
178621,dead+mans+shoes+2004,3
375804,dr.+strangelove+or+how+i+learned+to+stop+worrying+and+love+the+bomb+1964,4
290569,the+sensation+of+sight+2006,4
238217,pulp+fiction+1994,5
323217,the+wrong+trousers+1993,4
167494,l.a.+confidential+1997,5
502180,twelve+monkeys+1995,4
188102,shadows+of+forgotten+ancestors+1965,4
361136,city+lights+1931,3
65515,the+empire+strikes+back+1980,5
431031,american+beauty+1999,5
150254,city+lights+1931,3
438575,a+midnight+clear+1992,5
536463,life+is+beautiful+1997,3
462912,blind+pig+who+wants+to+fly+2008,3
392412,ricky+gervais+live+2+politics+2004,4
347480,whos+that+knocking+at+my+door+1967,4
126748,1408+2007,3
242846,the+godfather+1972,4
377355,the+godfather+1972,4
251345,notorious+1946,4
221351,spirited+away+2001,4
14829,drums+along+the+mohawk+1939,4
495696,lawrence+of+arabia+1962,4
88280,empire+1964,5
342644,raiders+of+the+lost+ark+1981,4
175208,city+of+god+2002,5
130496,the+last+metro+1980,4
295152,kickboxer+3+the+art+of+war+1992,2
470720,m+1931,5
555345,the+little+mermaid+ariels+beginning+2008,3
317109,the+shawshank+redemption+1994,5
419375,city+lights+1931,4
409348,modern+times+1936,4
271741,the+lord+of+the+rings+the+return+of+the+king+2003,3
487479,dr.+horribles+sing-along+blog+2008,4
497356,a+man+and+a+woman+1966,4
348240,star+wars+1977,5
444362,the+usual+suspects+1995,5
512756,gandhi+1982,4
353609,things+we+lost+in+the+fire+2007,3
282264,the+righteous+thief+2009,3
416956,the+matrix+1999,4
471367,felon+2008,4
480091,black+cat_+white+cat+1998,3
462171,nights+of+cabiria+1957,5
552405,dr.+strangelove+or+how+i+learned+to+stop+worrying+and+love+the+bomb+1964,4
223308,the+shawshank+redemption+1994,5
442377,city+lights+1931,5
272543,the+matrix+1999,5
27155,american+gangster+2007,4
451153,ong-bak+the+thai+warrior+2003,4
232480,forbidden+planet+1956,3
566424,the+usual+suspects+1995,4
114399,chinatown+1974,5
117243,brazil+1985,5
534684,pulp+fiction+1994,4
448076,amlie+2001,5
545108,aparajito+1956,4
297137,sal_+or+the+120+days+of+sodom+1975,3
402300,the+godfather+1972,4
86380,iran+is+not+the+problem+2008,4
22672,incendies+2010,5
284729,the+lord+of+the+rings+the+return+of+the+king+2003,5
442904,dr.+strangelove+or+how+i+learned+to+stop+worrying+and+love+the+bomb+1964,4
580020,new+fist+of+fury+1976,4
248248,evil+2003,4
36413,king+of+texas+2002,5
152800,the+secret+of+nimh+1982,3
277001,the+shawshank+redemption+1994,4
301927,the+lives+of+others+2006,4
330092,beauty+and+the+beast+1991,5
536414,snowpiercer+2013,3
99325,3-iron+2004,4
215436,the+conversation+1974,3
554133,the+shawshank+redemption+1994,4
46854,12+angry+men+1957,4
394757,star+wars+1977,4
246163,m+1931,4
309175,the+best+years+of+our+lives+1946,5
239455,the+shawshank+redemption+1994,3
164011,casablanca+1942,3
221208,gladiator+2000,4
579529,babe+pig+in+the+city+1998,4
134195,the+lord+of+the+rings+the+fellowship+of+the+ring+2001,5
10020,city+lights+1931,4
40540,goodfellas+1990,4
306188,good+bye_+lenin+2003,4
360425,geronimo+an+american+legend+1993,3
593749,deep+blue+sea+1999,4
88299,my+neighbor+totoro+1988,4
426192,throw+away+your+books_+rally+in+the+streets+1971,3
476147,the+lord+of+the+rings+the+two+towers+2002,4
252008,tae+guk+gi+the+brotherhood+of+war+2004,4
59270,memento+2000,3
549050,true+lies+1994,3
3296,good+bye_+lenin+2003,4
109548,be+with+me+2005,4
345067,die+hard+1988,3
20916,the+usual+suspects+1995,4
296954,y+tu+mam+tambin+2001,4
165545,leon+the+professional+1994,5
460809,the+tenth+man+1988,3
473346,the+man+from+laramie+1955,4
257675,the+usual+suspects+1995,4
368833,creature+comforts+1989,5
509837,american+history+x+1998,3
21613,the+godfather+1972,5
531436,a+clockwork+orange+1971,4
382553,full+moon+in+paris+1984,3
163948,gaudi+afternoon+2001,4
556796,city+lights+1931,3
191965,m+1931,5
123668,touch+of+evil+1958,4
444708,wit+2001,3
228688,gladiator+2000,4
59251,bubble+2005,4
25501,fargo+1996,2
180352,the+mosquito+coast+1986,3
382465,schindlers+list+1993,5
347940,the+graduate+1967,3
152750,lone+star+1996,5
50829,goodfellas+1990,4
428132,12+angry+men+1957,5
594908,the+shawshank+redemption+1994,4
587640,black+cat_+white+cat+1998,4
303161,spirited+away+2001,4
404188,the+lord+of+the+rings+the+fellowship+of+the+ring+2001,4
134491,the+princess+bride+1987,5
37199,up+2009,4
116945,the+shawshank+redemption+1994,4
244214,the+godfather+part+ii+1974,5
573151,pans+labyrinth+2006,3
315078,the+godfather+1972,4
176808,the+hit+list+2011,4
346199,city+lights+1931,5
360287,the+lives+of+others+2006,4
34751,the+princess+bride+1987,5
45614,schindlers+list+1993,3
318496,the+great+debaters+2007,4
112881,the+lord+of+the+rings+the+fellowship+of+the+ring+2001,4
578654,12+angry+men+1957,5
238874,the+usual+suspects+1995,5
441235,the+day+the+earth+stood+still+1951,3
545358,rear+window+1954,5
202429,the+chorus+2004,3
181297,american+beauty+1999,4
571486,harper+1966,3
571150,pulp+fiction+1994,5
544665,interstellar+2014,4
570512,black+cat_+white+cat+1998,5
580432,taffin+1988,4
166153,goodfellas+1990,4
244644,chinatown+1974,4
168519,snow+angels+2008,3
256301,sanjuro+1962,2
187783,city+lights+1931,4
59035,spirited+away+2001,5
368568,love+liza+2002,4
138655,port+of+shadows+1938,4
514320,fm+1978,3
223514,city+lights+1931,4
15096,airplane+1980,4
429849,fight+club+1999,4
361019,secret+window+2004,4
341469,the+shining+1980,5
18995,the+silence+of+the+lambs+1991,5
588887,spirited+away+2001,4
132317,religulous+2008,4
368170,emmet+otters+jug-band+christmas+1977,4
104633,the+crow+1994,3
8602,castle+in+the+sky+1986,5
208093,the+silence+of+the+lambs+1991,4
344380,the+avengers+2012,3
128734,the+princess+bride+1987,5
168892,the+lord+of+the+rings+the+two+towers+2002,4
152628,reservoir+dogs+1992,4
363121,schindlers+list+1993,4
401710,les+toits+de+paris+2007,3
346230,chinatown+1974,4
515994,star+wars+1977,4
246280,american+beauty+1999,4
474942,shrek+2001,5
73279,fight+club+1999,3
72558,the+boy+in+the+striped+pyjamas+2008,4
441738,purely+belter+2000,3
33193,toast+2010,4
227296,rushmore+1998,3
413267,the+godfather+1972,5
83066,saw+2004,3
391083,the+usual+suspects+1995,4
301246,the+empire+strikes+back+1980,5
371110,city+lights+1931,5
349876,forrest+gump+1994,4
257081,casino+royale+2006,4
93237,untamed+youth+1957,5
516578,life+is+beautiful+1997,3
492091,schindlers+list+1993,4
235000,phantom+lady+1944,4
457662,star+wars+1977,5
46008,gone+nutty+2002,3
266876,spring+2014,5
217371,the+lives+of+others+2006,4
108465,schindlers+list+1993,4
39847,the+conversation+1974,5
309442,good+bye_+lenin+2003,4
245937,aliens+1986,5
447684,howls+moving+castle+2004,5
295235,schindlers+list+1993,5
464650,three+on+a+match+1932,3
145148,city+lights+1931,4
48148,jonestown+the+life+and+death+of+peoples+temple+2006,4
139351,the+boys+from+brazil+1978,3
148276,sixteen+candles+1984,4
421178,the+usual+suspects+1995,5
172746,the+godfather+1972,5
485461,the+lord+of+the+rings+the+two+towers+2002,3
565673,the+lord+of+the+rings+the+fellowship+of+the+ring+2001,5
416360,lady+and+the+tramp+1955,3
261069,city+lights+1931,5
195896,gone+girl+2014,4
321952,the+harvest+la+cosecha+2011,4
428232,seeking+a+friend+for+the+end+of+the+world+2012,4
500867,inception+2010,4
224750,schindlers+list+1993,5
382816,the+enforcer+1995,4
111172,megamind+2010,5
468996,the+usual+suspects+1995,5
115852,the+story+of+mankind+1957,4
406407,marooned+1969,3
51715,monty+python+and+the+holy+grail+1975,4
442328,dr.+strangelove+or+how+i+learned+to+stop+worrying+and+love+the+bomb+1964,5
572071,city+lights+1931,5
391079,3-iron+2004,4
215046,fitzwilly+1967,3
408638,the+lives+of+others+2006,5
142465,notorious+1946,5
356098,hoodoo+ann+1916,3
70773,the+godfather+part+ii+1974,5
365154,harry+potter+and+the+chamber+of+secrets+2002,5
320800,the+empire+strikes+back+1980,5
405606,all+the+presidents+men+1976,4
521310,the+empire+strikes+back+1980,5
492993,m+1931,4
33446,braveheart+1995,4
350767,shrek+2+2004,4
303626,life+is+beautiful+1997,4
263418,city+lights+1931,4
395426,incendies+2010,4
50837,up+2009,5
168018,singin+in+the+rain+1952,4
561268,dear+zachary+a+letter+to+a+son+about+his+father+2008,4
577142,penguins+of+madagascar+2014,3
568262,star+wars+1977,4
116169,seven+samurai+1954,4
446857,the+empire+strikes+back+1980,3
324849,sixteen+candles+1984,4
479314,like+father_+like+son+2013,4
284796,breaking+in+1989,3
159094,the+lives+of+others+2006,4
134483,ratatouille+2007,3
160307,the+class+trip+1998,4
444798,amlie+2001,4
422060,life+is+beautiful+1997,5
215296,fight+club+1999,5
582680,despicable+me+2+2013,5
289787,star+wars+1977,4
593334,city+of+god+2002,5
217092,moscow+does+not+believe+in+tears+1980,4
592147,star+wars+1977,5
489284,avatar+2009,4
78887,life+is+beautiful+1997,5
310860,life+is+beautiful+1997,4
235117,close+encounters+of+the+third+kind+1977,4
490774,the+godfather+1972,5
141903,incendies+2010,4
135951,l.i.e.+2001,3
294550,brazil+1985,5
344280,the+princess+bride+1987,4
91760,the+empire+strikes+back+1980,4
484632,dr.+strangelove+or+how+i+learned+to+stop+worrying+and+love+the+bomb+1964,4
120855,the+shawshank+redemption+1994,5
302785,life+is+beautiful+1997,5
427552,inception+2010,4
279699,welcome+to+the+rileys+2010,3
96513,operation+petticoat+1959,3
88878,the+shawshank+redemption+1994,4
355483,inglourious+basterds+2009,5
11821,city+lights+1931,4
133435,warm+bodies+2013,3
152961,the+collector+1965,3
145358,black+cat_+white+cat+1998,4
378154,blackadders+christmas+carol+1988,4
72595,shakespeare+in+love+1998,5
161428,fight+club+1999,4
469455,first+blood+1982,4
322770,creature+comforts+1989,3
224387,the+usual+suspects+1995,4
109088,start+the+revolution+without+me+1970,3
199642,ponyo+2008,3
358169,dr.+strangelove+or+how+i+learned+to+stop+worrying+and+love+the+bomb+1964,4
437644,the+guns+of+fort+petticoat+1957,3
215767,kill+bill+vol.+2+2004,5
82546,the+lord+of+the+rings+the+fellowship+of+the+ring+2001,5
180374,dr.+strangelove+or+how+i+learned+to+stop+worrying+and+love+the+bomb+1964,4
91646,bells+of+innocence+2003,4
552471,dr.+no+1962,4
287254,imaginary+witness+hollywood+and+the+holocaust+2004,4
307555,the+jungle+book+1994,4
359245,star+wars+1977,4
546233,cinderella+1950,4
301840,new+york_+new+york+1977,4
324053,inglourious+basterds+2009,5
99803,alien+1979,4
193078,the+lord+of+the+rings+the+two+towers+2002,3
153847,the+usual+suspects+1995,5
119643,goodfellas+1990,4
59665,spirited+away+2001,4
543,amlie+2001,4
39366,u-571+2000,4
562717,the+good_+the+bad+and+the+ugly+1966,4
26639,shrek+2001,4
305321,the+mask+1994,3
534207,the+godfather+part+ii+1974,4
279088,city+lights+1931,4
362736,city+lights+1931,4
272529,pulp+fiction+1994,5
281541,big+hero+6+2014,4
373413,gladiator+2000,4
469897,the+princess+bride+1987,5
207685,the+lord+of+the+rings+the+two+towers+2002,5
245993,men+in+black+1997,4
78797,the+thirteen+1937,3
588691,pans+labyrinth+2006,4
134740,until+the+end+of+the+world+1991,3
453096,fargo+1996,5
305904,one+flew+over+the+cuckoos+nest+1975,4
84123,inception+2010,5
113357,life+is+beautiful+1997,5
91078,spellbound+2002,3
586040,the+shawshank+redemption+1994,4
79115,trespass+1992,3
1924,the+godfather+part+ii+1974,4
48582,monty+python+and+the+holy+grail+1975,5
469334,the+passion+of+darkly+noon+1995,3
265955,tell+no+one+2006,4
493762,all+about+eve+1950,4
9244,back+to+the+future+1985,5
4310,city+lights+1931,4
435484,don+quixote+1933,4
398013,fiddler+on+the+roof+1971,3
436798,neon+genesis+evangelion+death+and+rebirth+1997,4
425309,american+history+x+1998,4
292767,schindlers+list+1993,4
142891,help+im+a+fish+2000,4
308908,meet+me+at+the+fair+1953,3
475474,the+last+deadly+mission+2007,3
8802,fight+club+1999,4
12428,schindlers+list+1993,5
203349,our+hospitality+1923,4
433003,the+lord+of+the+rings+the+return+of+the+king+2003,4
259924,ballet+shoes+2008,4
567211,city+lights+1931,4
218070,the+war+zone+1999,5
496106,the+immigrant+1917,4
356902,memento+2000,4
405696,the+empire+strikes+back+1980,3
568394,dr.+strangelove+or+how+i+learned+to+stop+worrying+and+love+the+bomb+1964,4
569097,finding+forrester+2000,4
417910,inglourious+basterds+2009,4
191827,a+night+at+the+opera+1935,5
339939,brazil+1985,4
274574,se7en+1995,5
134665,django+unchained+2012,4
204051,c.o.g.+2013,3
268033,i_+robot+2004,5
441118,how+to+train+your+dragon+2010,4
125276,heartbeeps+1981,3
348493,star+wars+1977,5
123707,schindlers+list+1993,5
262275,goodfellas+1990,4
194104,the+lives+of+others+2006,4
104235,the+shawshank+redemption+1994,5
71813,the+lives+of+others+2006,5
178480,happiness+1998,4
191885,willy+wonka++the+chocolate+factory+1971,4
332891,shanghai+express+1932,4
260900,the+princess+bride+1987,3
84100,forrest+gump+1994,5
461088,the+shawshank+redemption+1994,5
276084,up+2009,3
3209,life+is+beautiful+1997,4
170949,back+to+the+future+1985,4
195097,when+harry+met+sally...+1989,3
47136,living+in+oblivion+1995,3
424608,the+lives+of+others+2006,5
500309,arsenal+1929,4
322553,shrek+2+2004,4
469203,creature+comforts+1989,4
303109,city+lights+1931,5
172523,the+shining+1980,3
360,the+silence+of+the+lambs+1991,5
389071,pulp+fiction+1994,3
545511,the+lives+of+others+2006,4
130339,star+wars+1977,5
534381,the+shawshank+redemption+1994,5
479780,the+shawshank+redemption+1994,5
508955,trainspotting+1996,5
135999,the+graduate+1967,4
452200,the+lord+of+the+rings+the+two+towers+2002,5
316257,star+wars+1977,4
184466,knick+knack+1989,3
269336,notorious+1946,4
365204,college+1927,3
277250,la+soufrire+1977,3
495965,kill+bill+vol.+1+2003,4
307959,gladiator+2000,4
91611,raiders+of+the+lost+ark+1981,5
246927,the+most+dangerous+man+in+america+daniel+ellsberg+and+the+pentagon+papers+2009,4
323713,american+beauty+1999,5
104245,siblings+2004,2
180873,the+godfather+part+ii+1974,2
132971,the+lord+of+the+rings+the+two+towers+2002,4
396054,star+wars+1977,4
284292,y+tu+mam+tambin+2001,4
334138,sauna+2010,3
409921,the+day+the+fish+came+out+1967,3
397460,the+lord+of+the+rings+the+fellowship+of+the+ring+2001,5
199345,indiana+jones+and+the+last+crusade+1989,4
590019,street+fight+2005,4
279246,the+princess+bride+1987,5
365071,fargo+1996,4
149110,the+shawshank+redemption+1994,4
499084,city+of+god+2002,4
300990,the+lord+of+the+rings+the+return+of+the+king+2003,4
242387,casablanca+1942,5
270662,city+lights+1931,4
393537,the+matrix+1999,5
24595,pulp+fiction+1994,5
562335,seven+samurai+1954,4
22049,undead+2003,3
293161,the+searchers+of+happiness+1936,5
148491,harry+potter+and+the+deathly+hallows+part+2+2011,3
417162,the+matrix+1999,4
999,fargo+1996,4
432984,the+lives+of+others+2006,4
348659,amlie+2001,4
523825,the+lord+of+the+rings+the+fellowship+of+the+ring+2001,5
243670,a+tale+of+two+sisters+2003,5
352303,serenity+2005,4
480329,amityville+3-d+1983,2
565223,banklady+2013,2
176430,saving+private+ryan+1998,4
30058,the+shawshank+redemption+1994,4
232223,incendies+2010,4
455952,the+usual+suspects+1995,4
547797,the+hobbit+the+battle+of+the+five+armies+2014,4
199814,taxi+driver+1976,4
9389,le+trou+1960,3
150060,harry+potter+and+the+prisoner+of+azkaban+2004,4
211862,physical+promise+1975,4
508359,casablanca+1942,4
591466,payback+1999,4
292416,shiner+2000,4
524201,city+lights+1931,4
416783,guardians+of+the+galaxy+2014,5
344171,life+is+beautiful+1997,4
171073,the+godfather+1972,4
369141,the+usual+suspects+1995,4
292242,schindlers+list+1993,4
555196,farewell+my+concubine+1993,4
245770,braveheart+1995,5
433061,the+princess+bride+1987,4
504057,the+shawshank+redemption+1994,5
544574,forrest+gump+1994,5
261774,bringing+up+baby+1938,5
199797,iron+jawed+angels+2004,2
202987,gladiator+2000,4
178069,city+lights+1931,4
468400,the+lord+of+the+rings+the+fellowship+of+the+ring+2001,5
519828,21+grams+2003,4
322859,life+is+beautiful+1997,5
393100,black+cat_+white+cat+1998,5
435176,city+of+god+2002,5
402669,alice+in+wonderland+1951,4
166902,the+shawshank+redemption+1994,4
431567,frankenstein+1931,4
254619,the+return+2003,5
261364,the+lord+of+the+rings+the+two+towers+2002,4
560678,percy+jackson+sea+of+monsters+2013,3
93842,the+blind+side+2009,4
414013,butch+cassidy+and+the+sundance+kid+1969,5
246676,garden+state+2004,4
307111,the+lord+of+the+rings+the+return+of+the+king+2003,5
113828,apocalypse+now+1979,3
525761,girl+most+likely+2012,4
460562,city+lights+1931,4
150358,who+is+killing+the+great+chefs+of+europe+1978,3
522959,leave+her+to+heaven+1945,4
337512,all+the+kings+men+2006,3
496031,phone+2002,3
349639,good+bye_+lenin+2003,4
368240,caesar+and+cleopatra+1945,3
349802,hank+and+mike+2008,3
386645,funny+games+1997,4
251359,10+things+i+hate+about+you+1999,4
101594,the+godfather+1972,5
549379,daydream+nation+2010,3
104666,the+joyriders+1999,1
572053,the+sting+1973,4
226472,city+of+god+2002,3
267207,fargo+1996,4
516716,the+empire+strikes+back+1980,5
349228,the+usual+suspects+1995,5
248820,a+short+film+about+killing+1989,4
237221,the+lord+of+the+rings+the+two+towers+2002,5
567871,life+is+beautiful+1997,5
214441,star+wars+1977,4
425502,spider-man+2002,4
332523,city+lights+1931,3
382924,star+wars+1977,4
289521,the+godfather+1972,4
307757,the+godfather+1972,4
198833,amlie+2001,3
220,star+wars+episode+i+-+the+phantom+menace+1999,3
348386,schindlers+list+1993,5
493806,bobby+2006,4
56254,the+chaser+2008,4
55990,im+a+cyborg_+but+thats+ok+2006,4
7449,the+matrix+1999,4
247351,the+godfather+1972,4
411197,the+lord+of+the+rings+the+return+of+the+king+2003,5
508704,addams+family+values+1993,4
93146,m+1931,5
320019,moscow+does+not+believe+in+tears+1980,5
452176,police+python+357+1976,4
171121,rear+window+1954,4
132528,incendies+2010,4
21764,the+godfather+part+ii+1974,3
121260,city+lights+1931,5
210533,the+matrix+1999,4
357511,the+lord+of+the+rings+the+two+towers+2002,3
546398,ponyo+2008,4
575033,amlie+2001,5
237071,the+shawshank+redemption+1994,4
393101,the+delivery+1999,4
159365,the+silence+of+the+lambs+1991,4
150483,beneath+the+dark+2010,4
66815,a+dogs+life+1918,4
332705,raiders+of+the+lost+ark+1981,3
367976,the+shawshank+redemption+1994,4
541499,we+steal+secrets+the+story+of+wikileaks+2013,4
19804,the+matrix+1999,4
119687,schindlers+list+1993,3
378016,memento+2000,5
387335,city+lights+1931,4
488990,the+shawshank+redemption+1994,4
25048,life+is+beautiful+1997,4
565240,memento+2000,4
28397,the+little+mermaid+1989,2
413552,the+matrix+revolutions+2003,5
468995,a+clockwork+orange+1971,4
162998,star+wars+1977,5
520249,life+is+beautiful+1997,3
76728,city+lights+1931,4
75723,the+godfather+1972,4
296572,oceans+thirteen+2007,4
6541,star+wars+1977,5
485772,american+beauty+1999,4
584659,achilles+and+the+tortoise+2008,3
287708,everything+is+illuminated+2005,3
495254,schindlers+list+1993,5
1020,helen+2009,4
176318,the+usual+suspects+1995,4
426695,life+is+beautiful+1997,4
303144,se7en+1995,5
158320,3096+days+2013,4
104631,the+godfather+part+ii+1974,3
45562,taxi+driver+1976,4
553930,spirited+away+2001,4
441365,gurren+lagann+the+movie+childhoods+end+2008,3
134105,star+wars+1977,5
251504,life+of+crime+2013,3
572109,city+of+god+2002,4
199780,la+haine+1995,5
81934,take+me+home+tonight+2011,3
19710,star+wars+1977,4
343914,spirited+away+2001,4
567754,the+lady+vanishes+1938,4
359331,the+legend+of+drunken+master+1994,3
361990,joe+strummer+the+future+is+unwritten+2007,4
583488,the+gospel+2005,4
114914,tampopo+1985,4
480844,schindlers+list+1993,4
506681,the+lord+of+the+rings+the+fellowship+of+the+ring+2001,5
29535,braveheart+1995,4
140454,a+close+shave+1995,4
89395,the+lord+of+the+rings+the+fellowship+of+the+ring+2001,4
111126,city+lights+1931,4
161827,busses+roar+1942,4
380401,touch+of+evil+1958,4
334291,north+by+northwest+1959,4
32928,forrest+gump+1994,4
435054,rurouni+kenshin+2012,4
459959,she+no+longer+talks_+she+shoots+1972,3
161893,city+lights+1931,3
356752,spanish+affair+2014,4
108058,lawrence+of+arabia+1962,5
548900,the+shawshank+redemption+1994,5
334019,goodfellas+1990,4
369024,star+wars+1977,4
208561,rabbit-proof+fence+2002,3
401635,it+happened+one+night+1934,5
278066,crazy_+stupid_+love.+2011,4
337065,johnny+belinda+1948,3
283762,avatar+2009,5
148163,the+shawshank+redemption+1994,5
344126,notorious+1946,5
222220,age+of+the+dragons+2011,3
60644,find+love+2006,2
301099,when+we+were+kings+1996,5
167170,city+of+god+2002,5
361069,oceans+eleven+2001,5
565776,seven+samurai+1954,5
254121,moon+2009,4
245983,the+usual+suspects+1995,5
382825,stories+we+tell+2012,4
448143,the+ruling+class+1972,4
431757,city+of+god+2002,4
290989,its+a+wonderful+world+1939,5
343104,fight+club+1999,5
234882,the+matrix+1999,5
135189,the+shawshank+redemption+1994,5
436390,event+horizon+1997,4
235715,beautiful+city+2005,4
392726,kronks+new+groove+2005,4
328533,the+empire+strikes+back+1980,5
1042,pulp+fiction+1994,3
171377,ballplayer+2012,3
577630,fight+club+1999,5
415328,fight+club+1999,5
496474,late+chrysanthemums+1954,3
103823,the+secret+world+of+arrietty+2010,4
70829,labyrinth+of+passion+1982,3
448890,city+lights+1931,4
485909,black+cat_+white+cat+1998,4
560103,touch+of+evil+1958,4
95951,schindlers+list+1993,4
576992,american+beauty+1999,5
291725,feed+2005,5
293113,touch+of+evil+1958,5
397246,rear+window+1954,4
281044,three+colors+red+1994,5
576030,lawrence+of+arabia+1962,4
298268,schindlers+list+1993,5
73485,the+godfather+1972,5
425837,the+window+1949,4
134228,trap+2007,3
83047,the+lord+of+the+rings+the+fellowship+of+the+ring+2001,3
400420,resurrect+dead+the+mystery+of+the+toynbee+tiles+2011,3
348820,the+van+1996,3
322566,the+sting+1973,4
505521,m+1931,5
484118,two+women+1960,4
129635,3-iron+2004,4
14265,fight+club+1999,4
164212,an+empress+and+the+warriors+2008,4
3225,the+unknown+1927,4
497403,good+bye_+lenin+2003,4
98589,the+lord+of+the+rings+the+return+of+the+king+2003,4
307498,the+lord+of+the+rings+the+two+towers+2002,3
152250,life+is+beautiful+1997,4
241494,one+flew+over+the+cuckoos+nest+1975,3
302612,annie+hall+1977,4
546408,americaneast+2008,3
258941,sunset+boulevard+1950,5
242358,ip+man+2008,4
390264,the+godfather+part+ii+1974,5
42012,the+matrix+1999,4
201410,the+godfather+1972,4
167128,repulsion+1965,5
374586,the+ace+of+hearts+1921,4
414956,the+lord+of+the+rings+the+fellowship+of+the+ring+2001,3
303376,alien+1979,4
246375,once+upon+a+time+in+the+west+1968,4
116478,city+lights+1931,5
372748,the+lord+of+the+rings+the+return+of+the+king+2003,4
244730,the+princess+bride+1987,4
420293,the+lord+of+the+rings+the+fellowship+of+the+ring+2001,3
268706,schindlers+list+1993,5
545139,the+sword+in+the+stone+1963,4
18065,frog+dreaming+1986,4
256225,constantine+2005,2
201069,the+gorilla+1939,5
272784,wild+strawberries+1957,4
363255,pulp+fiction+1994,5
291429,django+unchained+2012,3
589282,the+400+blows+1959,4
373759,the+lord+of+the+rings+the+return+of+the+king+2003,4
555973,the+godfather+1972,5
248237,pleasantville+1998,4
400707,dances+with+wolves+1990,3
432101,dr.+strangelove+or+how+i+learned+to+stop+worrying+and+love+the+bomb+1964,4
63055,city+lights+1931,3
95419,the+princess+bride+1987,4
381868,casablanca+1942,4
158035,beetlejuice+1988,4
344781,blackbird+2012,4
300335,hanna+2011,4
113737,the+best+years+of+our+lives+1946,5
182431,dumbo+1941,4
488522,the+lord+of+the+rings+the+two+towers+2002,5
118813,the+constant+gardener+2005,4
534353,fargo+1996,3
164137,city+lights+1931,5
383973,m+1931,4
465935,buffalo+girls+2012,3
88386,akira+1988,4
139219,my+neighbor+totoro+1988,4
381027,memento+2000,4
183999,the+godfather+1972,5
130300,hairspray+2007,4
291705,five+fingers+2006,4
472616,raise+the+red+lantern+1991,4
312138,duck+season+2004,4
593630,lakeview+terrace+2008,3
429258,notorious+1946,5
52913,decoys+2+alien+seduction+2007,3
79107,song+of+the+south+1946,3
209901,ana+and+the+others+2003,4
271782,the+usual+suspects+1995,4
181346,mud+2013,3
198154,the+matrix+1999,4
406915,monty+python+and+the+holy+grail+1975,5
57019,loft+2008,3
324021,a+better+way+to+die+2000,3
242042,the+blind+side+2009,4
74014,monty+python+and+the+holy+grail+1975,3
445413,creature+comforts+1989,5
487399,ballet+shoes+2008,3
138246,the+city+of+no+limits+2002,2
536530,city+lights+1931,4
244557,the+matrix+1999,5
536683,sunflower+1970,3
332148,the+great+escape+1963,4
329348,spirited+away+2001,5
443044,the+godfather+1972,5
116572,pulp+fiction+1994,3
237514,city+lights+1931,4
50748,the+shawshank+redemption+1994,3
394502,the+postman+1994,5
522556,end+of+watch+2012,3
179010,cj7+2008,4
540792,the+shawshank+redemption+1994,4
287739,flawless+2007,3
227178,the+usual+suspects+1995,5
208059,north+by+northwest+1959,3
344930,so+evil_+so+young+1963,3
140879,the+end+of+love+2013,4
364080,life+is+beautiful+1997,4
383701,the+best+mans+wedding+2000,4
438233,the+land+before+time+xiii+the+wisdom+of+friends+2007,4
304894,the+lives+of+others+2006,4
158695,sanjuro+1962,4
81918,pink+floyd+the+wall+1982,4
254039,the+lord+of+the+rings+the+return+of+the+king+2003,4
536707,the+princess+bride+1987,3
78194,fight+club+1999,4
418782,star+wars+episode+iii+-+revenge+of+the+sith+2005,4
182382,the+godfather+part+ii+1974,4
448327,schindlers+list+1993,5
424755,the+godfather+1972,4
135275,the+terminal+man+1974,4
235478,notorious+1946,4
568684,the+conversation+1974,4
580838,the+lord+of+the+rings+the+fellowship+of+the+ring+2001,4
195366,gladiator+2000,4
332101,the+shawshank+redemption+1994,5
111797,hard+boiled+1992,5
458152,the+sting+1973,4
274516,amlie+2001,4
575905,the+front+page+1931,3
543590,the+matrix+1999,4
552192,the+shawshank+redemption+1994,5
209258,taxi+driver+1976,4
258855,the+best+years+of+our+lives+1946,4
226358,the+shawshank+redemption+1994,4
160581,the+usual+suspects+1995,3
346346,how+to+train+your+dragon+2+2014,4
117237,gladiator+2000,5
584458,l.a.+confidential+1997,4
343367,the+shawshank+redemption+1994,4
297530,star+wars+1977,4
111604,the+ballad+of+narayama+1958,3
513561,honey_+we+shrunk+ourselves+1997,3
347993,creature+comforts+1989,5
272414,the+empire+strikes+back+1980,4
415237,the+veteran+2011,3
47323,taxi+driver+1976,5
246884,masculin+fminin+1966,4
484669,2001+a+space+odyssey+1968,3
456854,happy+accidents+2000,4
275205,city+lights+1931,4
594971,gladiator+2000,4
368270,laugh_+clown_+laugh+1928,3
78372,viridiana+1961,3
390365,the+godfather+1972,5
522892,the+matrix+1999,4
457517,the+lord+of+the+rings+the+return+of+the+king+2003,4
57506,fargo+1996,4
45764,restrepo+2010,4
463601,the+lord+of+the+rings+the+return+of+the+king+2003,4
84232,up+2009,4
98465,the+fox++the+child+2007,4
90078,harry+potter+and+the+prisoner+of+azkaban+2004,4
169596,the+lives+of+others+2006,4
264932,before+flying+back+to+earth+2005,4
256563,raiders+of+the+lost+ark+1981,4
496074,drole+de+drame+1937,4
140980,american+beauty+1999,4
187345,tender+mercies+1983,4
270310,the+lives+of+others+2006,4
352093,gambit+2012,3
274702,life+is+beautiful+1997,4
489597,moscow+does+not+believe+in+tears+1980,4
501584,the+usual+suspects+1995,5
125838,black+cat_+white+cat+1998,3
198953,the+matrix+1999,4
559565,kill+baby_+kill+1966,3
470168,the+lord+of+the+rings+the+return+of+the+king+2003,5
115421,city+lights+1931,3
281262,forrest+gump+1994,4
495029,the+godfather+1972,4
580663,the+horribly+slow+murderer+with+the+extremely+inefficient+weapon+2008,5
38047,robot++frank+2012,4
108891,kinsey+2004,5
90994,the+usual+suspects+1995,4
291227,the+green+mile+1999,4
285873,the+equalizer+2014,3
420167,the+gift+2000,3
162320,frank+2014,3
594433,to+joy+1950,4
64691,gods+and+monsters+1998,4
127599,the+princess+bride+1987,4
365307,forrest+gump+1994,3
476964,the+passion+of+joan+of+arc+1928,3
363261,ernest++celestine+2012,4
266794,pinocchio+1940,4
42612,the+lord+of+the+rings+the+two+towers+2002,4
37374,hitman+2007,3
43108,the+princess+bride+1987,4
247053,the+shawshank+redemption+1994,4
386513,toy+story+1995,5
582971,crazybeautiful+2001,3
287422,willy+wonka++the+chocolate+factory+1971,4
507072,black+cat_+white+cat+1998,4
480874,exit+through+the+gift+shop+2010,4
122467,journey+to+italy+1954,3
406037,treed+murray+2001,3
320237,city+of+god+2002,5
558600,the+lives+of+others+2006,3
71547,101+dalmatians+1996,3
302021,dr.+strangelove+or+how+i+learned+to+stop+worrying+and+love+the+bomb+1964,5
19956,sabotage+1936,4
68302,the+conversation+1974,4
446016,the+godfather+1972,4
243852,bright+future+2003,3
403810,dr.+strangelove+or+how+i+learned+to+stop+worrying+and+love+the+bomb+1964,4
40860,schindlers+list+1993,5
202620,schindlers+list+1993,5
476962,hair+1979,4
310551,immortal+2004,4
7696,goodfellas+1990,4
438405,toy+story+1995,5
83913,casablanca+1942,4
466998,the+silence+of+the+lambs+1991,4
86749,the+boy+in+the+striped+pyjamas+2008,4
466136,orders+1974,4
86176,the+silence+of+the+lambs+1991,4
555994,the+usual+suspects+1995,5
298553,evangelion+1.0+you+are+not+alone+2007,4
452757,inception+2010,4
202776,city+lights+1931,5
408474,the+wolf+of+wall+street+2013,4
584228,akira+1988,5
419362,the+lord+of+the+rings+the+fellowship+of+the+ring+2001,5
451050,the+shawshank+redemption+1994,5
384237,gainsbourg+a+heroic+life+2010,4
451466,touch+of+evil+1958,4
89895,american+beauty+1999,5
46366,goodfellas+1990,4
68431,being+john+malkovich+1999,3
164414,notorious+1946,4
282524,the+conversation+1974,4
460026,the+lives+of+others+2006,5
228447,scenes+from+a+mall+1991,3
455912,the+usual+suspects+1995,5
481970,notorious+1946,4
76400,the+day+the+earth+stood+still+1951,2
301742,black+cat_+white+cat+1998,4
532650,armour+of+god+ii+operation+condor+1991,3
45070,the+dark+knight+rises+2012,4
81040,the+glass+slipper+1955,4
516104,the+lord+of+the+rings+the+two+towers+2002,4
89770,the+lord+of+the+rings+the+two+towers+2002,4
112578,the+lord+of+the+rings+the+two+towers+2002,4
332310,aparajito+1956,4
506404,one+flew+over+the+cuckoos+nest+1975,5
467607,buena+vista+social+club+1999,3
455673,the+shawshank+redemption+1994,5
506366,men+in+black+1997,4
518975,alien+1979,4
116786,city+of+god+2002,3
163993,dr.+strangelove+or+how+i+learned+to+stop+worrying+and+love+the+bomb+1964,4
295793,the+big+heat+1953,5
552761,incendies+2010,4
333876,the+lives+of+others+2006,4
501188,my+favorite+brunette+1947,3
334207,dr.+strangelove+or+how+i+learned+to+stop+worrying+and+love+the+bomb+1964,4
271148,la+haine+1995,4
16309,the+lives+of+others+2006,5
219808,incendies+2010,4
223841,the+imitation+game+2014,4
400058,beware+the+moon+remembering+an+american+werewolf+in+london+2009,3
346008,the+departed+2006,4
419046,the+usual+suspects+1995,5
575280,the+namesake+2006,4
407396,interstellar+2014,4
142622,the+princess+bride+1987,3
491686,the+shawshank+redemption+1994,5
589396,the+lord+of+the+rings+the+return+of+the+king+2003,5
171635,the+lord+of+the+rings+the+fellowship+of+the+ring+2001,3
525518,the+usual+suspects+1995,4
355063,apollo+13+1995,4
14293,city+lights+1931,4
193501,heaven+2002,3
326058,the+godfather+1972,5
539371,other+peoples+money+1991,3
258968,city+lights+1931,4
358859,fight+club+1999,5
553122,the+usual+suspects+1995,5
326566,the+merry+widow+1925,4
46436,kill+bill+vol.+1+2003,3
4777,braveheart+1995,5
231993,the+shawshank+redemption+1994,5
210862,maleficent+2014,4
351481,stonehearst+asylum+2014,3
488475,m+1931,4
569795,the+lives+of+others+2006,5
141822,3-iron+2004,2
483770,the+big+sleep+1946,4
76835,the+godfather+part+ii+1974,5
143164,pulp+fiction+1994,4
18680,aya+of+yop+city+2013,4
496269,the+godfather+1972,4
101021,harry+potter+and+the+philosophers+stone+2001,3
546264,city+lights+1931,5
466312,dawn+of+the+planet+of+the+apes+2014,3
250299,pans+labyrinth+2006,5
137954,before+sunrise+1995,4
225505,circle+of+iron+1978,4
451438,robin+hood+men+in+tights+1993,3
315017,inception+2010,4
340897,one+flew+over+the+cuckoos+nest+1975,4
492358,the+rundown+2003,3
310514,taxi+driver+1976,4
99023,la+planque+2011,3
436722,7+plus+seven+1970,4
52088,dr.+strangelove+or+how+i+learned+to+stop+worrying+and+love+the+bomb+1964,5
376891,being+john+malkovich+1999,5
557088,nightcrawler+2014,4
448280,dead+silence+2007,3
535649,the+lord+of+the+rings+the+fellowship+of+the+ring+2001,5
243346,the+matrix+1999,5
140117,sanjuro+1962,3
594005,the+lady+vanishes+1938,4
562005,american+beauty+1999,3
336701,rashomon+1950,5
318026,citizen+kane+1941,5
156999,schindlers+list+1993,4
378819,the+game+1997,5
531235,life+is+beautiful+1997,4
332494,batman++mr.+freeze+subzero+1998,4
173757,the+usual+suspects+1995,4
12657,secondhand+lions+2003,4
208836,la+sparation+1994,3
223923,no+strings+attached+2011,4
160017,the+shawshank+redemption+1994,3
272540,3-iron+2004,4
192181,northanger+abbey+2007,5
458985,leaves+of+grass+2009,3
148335,creature+comforts+1989,5
123557,the+usual+suspects+1995,5
430797,kikujiro+1999,5
382701,schindlers+list+1993,4
44008,life+is+beautiful+1997,4
407741,watchmen+2009,4
187569,austin+high+2011,4
377165,schindlers+list+1993,3
397213,straight+time+1978,4
585903,pulp+fiction+1994,5
552323,pulp+fiction+1994,5
152420,shrek+2001,4
9830,moon+2009,4
316745,star+wars+1977,5
47737,blind+date+1984,4
309249,the+godfather+1972,5
568399,trainspotting+1996,4
81767,the+lord+of+the+rings+the+fellowship+of+the+ring+2001,5
268556,vital+2004,4
44240,fargo+1996,5
535974,american+beauty+1999,4
236707,timer+2009,3
132234,fight+club+1999,4
566626,star+wars+1977,4
162514,the+lord+of+the+rings+the+two+towers+2002,5
540193,the+princess+bride+1987,4
376177,city+lights+1931,5
283764,city+lights+1931,4
585285,the+blind+side+2009,5
291067,valhalla+rising+2009,3
300393,american+beauty+1999,5
420441,the+dark+knight+2008,3
96309,terminator+2+judgment+day+1991,4
393794,geris+game+1997,5
215440,eggs+1995,4
48233,touch+of+evil+1958,4
163677,dr.+strangelove+or+how+i+learned+to+stop+worrying+and+love+the+bomb+1964,4
337324,the+lord+of+the+rings+the+fellowship+of+the+ring+2001,4
343319,the+celluloid+closet+1996,5
583772,life+is+beautiful+1997,3
375492,shutter+island+2010,5
472677,wheel+of+time+2003,5
49245,sleeping+with+other+people+2015,4
295377,city+lights+1931,5
271314,aparajito+1956,5
185347,black+cat_+white+cat+1998,4
552522,sanjuro+1962,5
269447,goodfellas+1990,3
216102,life+is+beautiful+1997,4
36963,the+lord+of+the+rings+the+fellowship+of+the+ring+2001,5
269111,sunshine+on+leith+2013,3
431560,star+wars+1977,5
322822,mansfield+park+1999,4
138048,schindlers+list+1993,5
554370,the+shawshank+redemption+1994,4
219560,the+lives+of+others+2006,5
432127,u.s.+seals+2000,4
215407,the+shawshank+redemption+1994,5
424596,one+flew+over+the+cuckoos+nest+1975,4
157023,schindlers+list+1993,5
337447,the+shawshank+redemption+1994,4
172191,life+is+beautiful+1997,4
243925,the+scarecrow+1920,4
114523,cinema+paradiso+1988,5
593936,the+tarnished+angels+1957,4
112900,the+shawshank+redemption+1994,4
201989,the+forgotten+2004,4
393613,dr.+strangelove+or+how+i+learned+to+stop+worrying+and+love+the+bomb+1964,4
187935,the+source+family+2011,5
552998,black+cat_+white+cat+1998,4
463339,the+bingo+long+traveling+all-stars++motor+kings+1976,4
325313,taxi+driver+1976,4
28861,casino+royale+2006,3
38152,city+of+god+2002,4
214166,schindlers+list+1993,4
208412,the+empire+strikes+back+1980,4
473069,robin+hood+2010,3
464584,touch+of+evil+1958,4
283038,the+shawshank+redemption+1994,4
394731,gladiator+2000,4
374763,city+lights+1931,3
149615,think+like+a+man+too+2014,4
451457,all+the+presidents+men+1976,5
444927,the+lord+of+the+rings+the+fellowship+of+the+ring+2001,5
410411,the+lord+of+the+rings+the+return+of+the+king+2003,5
259677,the+lord+of+the+rings+the+fellowship+of+the+ring+2001,5
91726,the+sea+inside+2004,4
185123,schindlers+list+1993,4
76245,black+cat_+white+cat+1998,4
410130,the+lord+of+the+rings+the+fellowship+of+the+ring+2001,5
308523,city+lights+1931,5
344982,gladiator+2000,4
62550,deadly+circuit+1983,5
574235,the+lord+of+the+rings+the+two+towers+2002,3
334661,the+shawshank+redemption+1994,4
184507,fight+club+1999,5
20461,habit+1996,3
538775,dr.+horribles+sing-along+blog+2008,4
148861,american+beauty+1999,3
579359,the+godfather+1972,5
142044,blade+runner+1982,5
561021,aparajito+1956,4
108081,the+count+of+monte+cristo+2002,3
542655,the+a-team+2010,4
427066,sundown+1941,3
100129,arctic+blast+2010,3
154988,the+incredible+hulk+2008,4
408860,notorious+1946,4
168460,schindlers+list+1993,4
76686,your+life+in+65+minutes+2006,4
321817,city+lights+1931,5
491305,goodfellas+1990,4
391716,the+lives+of+others+2006,4
497362,schindlers+list+1993,4
365962,a+fine+madness+1966,3
118055,interstellar+2014,4
362396,creature+comforts+1989,5
304378,sunset+boulevard+1950,4
440629,kin-dza-dza+1986,4
532299,grey+gardens+1975,5
163090,memento+2000,3
258858,the+princess+bride+1987,4
578140,tron+1982,4
355400,you+can+count+on+me+2000,3
569557,casablanca+1942,4
557834,all+the+little+animals+1999,3
281000,the+usual+suspects+1995,4
101039,forrest+gump+1994,5
257217,la+belle+noiseuse+1991,5
254990,ivans+childhood+1962,4
58819,dr.+strangelove+or+how+i+learned+to+stop+worrying+and+love+the+bomb+1964,5
437010,billy+elliot+2000,4
236131,the+shawshank+redemption+1994,4
