user_id,movie_id,watch,timestamp
67089,veronica+guerin+2003,2
103541,detention+of+the+dead+2012,6
243289,2001+a+space+odyssey+1968,19
396290,nausica+of+the+valley+of+the+wind+1984,17
54586,cocaine+cowboys+2006,64
360292,urban+ghost+story+1998,23
271639,the+end+of+the+affair+1955,50
349027,the+wedding+date+2005,19
173714,iron+monkey+1993,29
389459,how+to+train+your+dragon+2010,37
519633,mr.+hollands+opus+1995,29
324486,escape+to+athena+1979,112
190287,wild+strawberries+1957,17
596600,the+pacifier+2005,32
145496,mermaid+chronicles+part+1+she+creature+2001,43
196160,la+classe+amricaine+1993,58
21483,terminator+salvation+2009,70
184029,ass+backwards+2013,54
556482,i_+robot+2004,94
82025,who+is+harry+nilsson+and+why+is+everybody+talkin+about+him+2010,109
262005,i+will+follow+you+into+the+dark+2012,62
508616,dragonwyck+1946,27
379368,the+matrix+1999,92
564650,the+golden+compass+2007,63
287066,alice+in+wonderland+1951,35
596915,same+love_+same+rain+1999,71
596899,gunless+2010,68
395292,the+lord+of+the+rings+the+two+towers+2002,5
93812,gattaca+1997,39
444823,mothra+1961,93
507628,the+19th+wife+2010,94
550170,marriage+retreat+2011,95
353069,meet+me+in+st.+louis+1944,81
239489,inception+2010,54
590643,harry+potter+and+the+goblet+of+fire+2005,74
134782,morning+glory+1933,65
598801,they+drive+by+night+1940,76
401110,the+other+woman+2010,93
288551,trust+1990,100
11230,the+good_+the+bad+and+the+ugly+1966,48
475221,harry+potter+and+the+chamber+of+secrets+2002,87
71306,temple+grandin+2010,3
143404,songs+from+the+second+floor+2000,47
263036,terminator+2+judgment+day+1991,56
472909,monsters_+inc.+2001,37
576882,constantine+2005,64
522761,addams+family+values+1993,83
70048,the+wolf+of+wall+street+2013,60
183301,the+tall+blond+man+with+one+black+shoe+1972,83
252437,the+imitation+game+2014,40
129927,miracle+on+34th+street+1947,8
433152,the+van+1996,86
118507,harry+potter+and+the+order+of+the+phoenix+2007,71
527037,first+blood+1982,33
179981,indiana+jones+and+the+temple+of+doom+1984,4
419227,born+into+brothels+2004,82
403534,the+lion+king+1994,89
511380,so+proudly+we+hail+1943,61
530577,the+body+2003,65
112817,beautiful+creatures+2000,2
302831,ratatouille+2007,79
223298,the+maid+2009,7
54073,into+the+blue+2+the+reef+2009,79
75527,iron+man+2+2010,63
271389,crime+busters+1977,64
454279,casino+royale+2006,13
238786,live+and+become+2005,18
601295,gattaca+1997,62
303709,friday+night+lights+2004,118
374516,ovosodo+1997,48
566847,ordet+1955,56
221788,star+wars+episode+i+-+the+phantom+menace+1999,38
283146,fight+club+1999,132
587571,the+discreet+charm+of+the+bourgeoisie+1972,54
277492,the+awful+truth+1937,48
42022,bridge+to+the+sun+1961,51
112658,princess+mononoke+1997,49
443692,the+lord+of+the+rings+the+fellowship+of+the+ring+2001,2
86555,forrest+gump+1994,75
581595,gone+girl+2014,1
426707,the+cat+returns+2002,48
241834,the+lion+king+1994,23
485677,sg+att+du+lskar+mig+2006,17
161141,on+the+beach+1959,33
209682,the+lord+of+the+rings+the+return+of+the+king+2003,41
211411,harry+potter+and+the+prisoner+of+azkaban+2004,33
227727,dogville+2003,47
217777,the+man+in+the+moon+1991,34
594242,our+folks+1967,1
592595,the+secret+world+of+arrietty+2010,27
149833,better+than+chocolate+1999,21
582238,constantine+2005,26
305998,lady+windermeres+fan+1925,92
237606,howls+moving+castle+2004,76
441957,take+this+waltz+2011,26
542111,onionhead+1958,53
477071,the+matrix+revolutions+2003,5
584454,saving+private+ryan+1998,4
272875,casino+royale+2006,60
113722,the+hobbit+an+unexpected+journey+2012,12
384065,highlander+v+the+source+2007,12
490663,a+clockwork+orange+1971,130
65377,toy+story+1995,14
4329,batman+begins+2005,15
472510,hairspray+2007,17
175407,the+cop+in+blue+jeans+1976,18
405088,wolf+children+2012,33
396746,the+magnificent+seven+1960,11
297778,inception+2010,10
90633,bundle+of+joy+1956,8
500030,the+eyes+of+tammy+faye+2000,11
581663,viva+maria+1965,9
6992,my+neighbors+the+yamadas+1999,91
303441,brave+2012,7
507837,twentieth+century+1934,7
393492,kestrels+eye+1998,5
399276,star+trek+the+motion+picture+1979,32
146352,spirited+away+2001,91
14557,one+flew+over+the+cuckoos+nest+1975,85
88630,jeanne+dielman_+23_+quai+du+commerce+1080+bruxelles+1975,176
373655,appointment+with+death+1988,55
436084,first+blood+1982,2
512154,the+borrowers+2011,65
155369,harry+potter+and+the+deathly+hallows+part+2+2011,44
229129,applause+1930,58
485320,american+friends+1991,35
606431,despicable+me+2+2013,0
464006,the+black+windmill+1974,44
151439,the+imitation+game+2014,95
585569,the+omen+1976,47
247304,cold+in+july+2014,78
326048,harry+potter+and+the+half-blood+prince+2009,25
402107,goodfellas+1990,59
121188,deadly+circuit+1983,21
32905,how+to+train+your+dragon+2+2014,18
268972,the+constant+gardener+2005,79
157119,godzilla+vs.+king+ghidorah+1991,66
205106,resurrecting+the+champ+2007,77
321656,the+night+flier+1997,72
448334,in+the+bedroom+2001,44
143459,anne+of+the+thousand+days+1969,34
168605,beyond+rangoon+1995,75
436138,african+cats+2011,49
376595,mr.++mrs.+smith+2005,95
428536,the+gold+rush+1925,39
443514,my+neighbors+the+yamadas+1999,40
333789,mimic+1997,34
232557,gosford+park+2001,4
582653,rails++ties+2007,87
454785,god+help+the+girl+2014,86
608648,maverick+1994,112
264234,red+rock+west+1993,26
534263,frank+herberts+dune+2000,4
423624,the+lord+of+the+rings+the+two+towers+2002,178
388055,reds+1981,85
491499,ken+park+2002,34
393864,spider-man+2002,60
486897,the+missing+star+2006,99
99131,the+enemies+of+reason+2007,62
52023,the+magic+voyage+of+sinbad+1952,21
125245,avatar+2009,70
235640,the+square+2013,4
385224,endurance+1999,4
431904,inglourious+basterds+2009,67
2708,flicker+2012,13
181453,intolerance+loves+struggle+throughout+the+ages+1916,15
118968,the+death+of+mr.+lazarescu+2005,30
391604,pulp+fiction+1994,83
371888,contract+killer+1998,1
333222,family+tree+2010,70
85971,jesse+stone+stone+cold+2005,36
24124,the+300+spartans+1962,68
526168,whisper+of+the+heart+1995,24
392561,one+week+2008,31
241515,diary+of+a+chambermaid+1964,5
89243,hansel++gretel+2007,83
97239,the+double+life+of+veronique+1991,89
223709,iron+man+2008,81
422761,iraq+in+fragments+2006,25
344800,ponyo+2008,17
420243,the+guard+2011,51
513237,rapid+fire+1992,36
302670,money+matters+2011,80
96760,the+time+of+your+life+1948,104
307928,gallipoli+1981,11
534024,the+interrupters+2011,25
331258,upperworld+1934,12
245293,playing+it+cool+2014,42
307341,were+no+angels+1955,81
121272,skyfall+2012,107
228194,howls+moving+castle+2004,83
89371,death+by+china+2012,60
266846,lawrence+of+arabia+1962,200
404658,gladiator+2000,69
218947,men+in+black+3+2012,90
221970,get+smart+2008,48
368610,princess+mononoke+1997,47
238277,arena+1989,95
38511,the+hobbit+the+battle+of+the+five+armies+2014,62
357749,the+hobbit+the+battle+of+the+five+armies+2014,40
158585,autumn+tale+1998,17
103331,sleeping+beauty+1959,57
484940,waterworld+1995,72
462130,harry+potter+and+the+philosophers+stone+2001,24
175307,the+orphanage+2007,12
416585,raiders+of+the+lost+ark+1981,57
342532,from+beijing+with+love+1994,17
555789,whiplash+2014,12
556294,following+sean+2006,19
109445,gomorrah+2008,93
193201,man+of+marble+1977,21
150377,10+things+i+hate+about+you+1999,96
255029,howls+moving+castle+2004,78
30834,the+infidel+2009,106
172495,the+lazarus+effect+2015,73
460199,monty+python+and+the+holy+grail+1975,9
381449,the+covenant+2006,40
579316,the+tomb+2009,47
468031,inception+2010,76
266101,harry+potter+and+the+philosophers+stone+2001,48
571102,black+dynamite+2009,53
157311,lucky+7+2003,96
166454,inglourious+basterds+2009,11
289636,mike+birbiglia+my+girlfriends+boyfriend+2013,19
3704,mr.++mrs.+smith+2005,3
148345,the+woodsman+2004,8
456518,the+lord+of+the+rings+the+return+of+the+king+2003,125
130922,wall+street+1987,18
137317,how+to+train+your+dragon+2010,6
241990,samurai+rebellion+1967,13
310963,gladiator+2000,76
170515,enter+the+void+2009,136
347931,nightbreed+1990,75
235239,yumeji+1991,76
23077,super+troopers+2001,48
404801,the+man+who+knew+too+much+1956,14
263733,the+matrix+1999,83
358761,avatar+2009,62
49035,the+mummy+1999,27
221924,carlas+song+1996,55
511671,seven+samurai+1954,56
42995,the+adventures+of+robin+hood+1938,70
596364,a+good+marriage+2014,6
227150,stir+crazy+1980,81
96037,the+matrix+1999,107
386759,princess+kaiulani+2010,87
487396,wild+geese+ii+1985,18
249498,brave+2012,23
317514,the+lovely+bones+2009,14
154583,come+and+see+1985,42
19885,the+firemens+ball+1967,37
597307,terminator+2+judgment+day+1991,122
370726,vice+2015,83
570531,riff-raff+1991,71
423869,crossing+over+2009,114
536326,the+omen+1976,65
2173,thor+2011,100
258145,leviathan+2012,4
567389,sneakers+1992,71
259516,noi+the+albino+2003,8
584291,frenchmen+2+2007,16
365813,scooby-doo+2002,51
473121,a+madea+christmas+2013,31
393929,treasure+planet+2002,4
242198,monsters_+inc.+2001,67
113510,the+lion+king+2+simbas+pride+1998,32
361434,forbidden+planet+1956,17
582357,the+maze+runner+2014,67
113539,the+matrix+1999,107
10200,the+goodbye+girl+1977,79
113380,the+wayward+bus+1957,52
299095,northfork+2003,35
590723,x-men+days+of+future+past+2014,72
286800,exit+through+the+gift+shop+2010,69
302477,the+night+of+the+hunted+1980,61
32631,casualties+of+war+1989,110
111242,khodorkovsky+2011,29
560934,rude+boy+1980,83
429330,dilwale+dulhania+le+jayenge+1995,52
47746,my+neighbor+totoro+1988,8
578625,spirited+away+2001,12
468047,beetlejuice+1988,5
170568,raiders+of+the+lost+ark+1981,48
395001,cinderella+1950,14
263657,dead++buried+1981,65
165612,the+time+of+their+lives+1946,72
158075,mandingo+1975,79
436904,the+sacrifice+1986,35
454894,guendalina+1957,69
249392,dobermann+1997,70
302420,white+heat+1949,14
193605,harry+potter+and+the+philosophers+stone+2001,56
81278,the+fifth+element+1997,41
158239,the+dark+knight+2008,74
594008,the+shining+1980,61
92907,die+hard+1988,48
386020,terminator+salvation+2009,82
502465,akira+1988,48
518825,the+november+man+2014,38
520614,american+raspberry+1977,5
586290,contact+high+2009,63
188743,loft+2010,11
542089,extraterrestrial+2014,81
2984,born+into+brothels+2004,50
593617,guardians+of+the+galaxy+2014,117
385806,willy+wonka++the+chocolate+factory+1971,100
453923,mr.+smith+goes+to+washington+1939,11
105303,prime+suspect+the+final+act+2006,42
598828,pirates+of+the+caribbean+the+curse+of+the+black+pearl+2003,70
491011,kikis+delivery+service+1989,45
422359,i+just+didnt+do+it+2007,47
55940,tangerines+2013,12
346607,inception+2010,54
117731,lolita+1997,1
523890,picnic+1955,5
359606,convoy+1978,46
426585,iron+man+3+2013,120
112284,28+days+later+2002,34
548466,the+krays+1990,102
601196,children+underground+2001,72
452572,howls+moving+castle+2004,48
480921,every+man+for+himself+1980,22
528544,einstein+and+eddington+2008,28
576961,x-men+days+of+future+past+2014,39
276783,dolans+cadillac+2009,60
242202,conan+the+barbarian+1982,92
317817,spellbound+1945,108
116401,wild_+wild+planet+1965,53
386952,god+said_+ha+1998,80
128787,a+fistful+of+dollars+1964,26
189302,mother+of+mine+2005,58
555092,the+valley+of+decision+1945,4
155313,but+im+a+cheerleader+1999,76
215925,the+dark+knight+2008,146
11763,the+shawshank+redemption+1994,125
129993,walle+2008,50
201039,the+sugarland+express+1974,111
473357,brave+2012,31
82528,back+to+the+future+1985,113
185074,it+boy+2013,48
376794,harry+potter+and+the+philosophers+stone+2001,126
564451,transformers+2007,122
532219,the+fault+in+our+stars+2014,125
64430,the+long_+hot+summer+1958,23
303000,the+boxtrolls+2014,22
399559,arn+the+kingdom+at+roads+end+2008,8
263160,wreck-it+ralph+2012,5
351184,ong-bak+the+thai+warrior+2003,31
114844,bertie+and+elizabeth+2002,15
367233,whisper+of+the+heart+1995,15
327932,the+matrix+1999,15
596566,interstellar+2014,152
260398,the+forgotten+woman+2008,56
478147,terminator+3+rise+of+the+machines+2003,35
31163,my+favorite+blonde+1942,32
235198,iron+man+2008,68
237365,star+trek+iii+the+search+for+spock+1984,40
305046,sixteen+candles+1984,47
141065,the+bow+2005,20
314088,calle+54+2000,60
42833,hoodwinked+too+hood+vs.+evil+2011,41
411188,the+driver+1978,1
290666,princess+mononoke+1997,6
301109,howls+moving+castle+2004,77
366296,yes+2005,2
109890,life+stinks+1991,13
252310,ben-hur+a+tale+of+the+christ+1925,31
245931,hellboy+ii+the+golden+army+2008,85
457855,the+hobbit+the+desolation+of+smaug+2013,122
49442,the+next+man+1976,62
578827,troy+2004,77
602910,thor+the+dark+world+2013,4
41350,all+the+presidents+men+1976,133
356816,casablanca+1942,91
534675,futurama+into+the+wild+green+yonder+2009,84
16927,forrest+gump+1994,96
446682,the+night+visitor+1971,18
235463,the+principal+1987,45
233358,stranger+than+paradise+1984,71
552019,papillon+1973,133
179466,second+in+command+2006,87
484706,pepi_+luci_+bom+1980,56
271101,the+dark+knight+2008,83
331316,dial+m+for+murder+1954,37
362077,harry+potter+and+the+deathly+hallows+part+2+2011,62
248559,kellys+heroes+1970,89
519180,the+best+mans+wedding+2000,78
92364,47+ronin+1994,83
522082,man+of+a+thousand+faces+1957,53
289088,aguirre+the+wrath+of+god+1972,44
94679,the+saddest+music+in+the+world+2003,69
24334,dance+with+a+stranger+1985,71
195709,harry+potter+and+the+half-blood+prince+2009,38
579641,the+shipping+news+2001,56
124162,rembrandt+1936,60
173744,brother+rat+1938,67
277186,the+music+lovers+1970,60
428325,fahrenheit+451+1966,79
110717,the+river+1997,107
529230,kronks+new+groove+2005,62
188460,sex+the+annabel+chong+story+1999,8
578684,blood+night+the+legend+of+mary+hatchet+2009,78
52687,ip+man+2008,21
379554,three+extremes+2004,48
514430,the+lorax+2012,48
362429,tangled+2010,46
383195,blade+runner+1982,46
210262,firewalker+1986,51
261094,the+immortal+story+1968,53
201312,top+hat+1935,56
275574,iron+man+2008,51
123300,defending+your+life+1991,3
76196,bill+hicks+revelations+1993,8
198623,princess+mononoke+1997,8
200138,first+blood+1982,47
493752,star+wars+1977,12
4138,the+meaning+of+life+1983,46
42301,the+night+of+the+hunter+1955,39
54591,the+desperate+hours+1955,41
30697,the+day+the+earth+stood+still+1951,38
401666,the+world+of+kanako+2014,28
299241,king+of+comedy+1999,35
577693,shanghai+ghetto+2002,39
608122,the+shawshank+redemption+1994,27
344211,the+raid+2+2014,35
21344,desire+the+vampire+1982,26
424761,the+good_+the+bad+and+the+ugly+1966,71
331861,sixteen+candles+1984,29
15154,avatar+2009,32
307197,the+lion+king+1994,27
247827,ten+little+indians+1974,4
110649,und+keiner+weint+mir+nach+1996,17
210298,tangled+2010,59
249917,the+three+burials+of+melquiades+estrada+2005,24
292127,in+the+bedroom+2001,21
23318,cold+fever+1995,34
47707,the+shawshank+redemption+1994,24
506531,inception+2010,88
243336,cat+ballou+1965,33
233102,in+the+name+of+the+king+iii+2013,23
256591,rebecca+1940,17
560975,spirited+away+2001,14
24225,total+recall+1990,16
176649,the+severed+arm+1973,2
32967,pearls+of+the+deep+1966,13
590820,the+navigator+1924,19
426517,concrete+night+2013,20
275596,knock+on+wood+1981,53
6007,the+rainmaker+1997,5
116783,imitation+of+life+1959,16
153472,the+barchester+chronicles+1982,11
416173,the+little+princess+1939,70
39535,clockstoppers+2002,41
516811,up+2009,81
399107,the+trial+of+lee+harvey+oswald+1977,96
464900,the+son+2002,90
545610,bring+it+on+2000,35
169426,the+quiet+earth+1985,44
270346,sphinx+1981,0
543607,stuntwoman+1977,0
477255,the+wrestler+2008,0
107534,monsters+university+2013,0
404577,kwaidan+1964,163
96778,the+good_+the+bad+and+the+ugly+1966,63
176812,inside+im+dancing+2004,62
250173,thin+ice+2011,1
364132,while+you+were+sleeping+1995,62
261418,starship+troopers+1997,18
387299,the+ballad+of+narayama+1983,75
407272,interstellar+2014,22
270242,the+sea+wolves+1980,113
112426,the+secret+world+of+arrietty+2010,81
106884,the+hairdressers+husband+1990,61
462113,flight+of+the+conchords+a+texan+odyssey+2006,45
345318,gung+ho+1943,34
237740,how+to+draw+a+bunny+2002,64
533480,super+duper+alice+cooper+2014,59
577281,stargate+sg-1+children+of+the+gods+-+final+cut+2009,61
411623,all+the+presidents+men+1976,88
210256,chapiteau-show+2011,193
168339,vice+2015,93
117722,captain+newman_+m.d.+1963,32
304348,an+autumn+afternoon+1962,110
166086,one+flew+over+the+cuckoos+nest+1975,122
483909,white+heat+1949,1
484015,whisper+of+the+heart+1995,105
323149,men+in+black+ii+2002,35
462683,the+deal+2005,80
242405,presumed+guilty+2011,5
557800,monty+python+and+the+holy+grail+1975,36
513343,harry+potter+and+the+half-blood+prince+2009,7
36577,all+about+lily+chou-chou+2001,64
270302,the+english+patient+1996,49
135347,forbidden+games+1952,59
352455,salt+2010,52
471729,rififi+1955,29
200411,the+adonis+factor+2010,57
438188,harry+potter+and+the+goblet+of+fire+2005,98
525702,the+ballad+of+cable+hogue+1970,8
513999,fury+2014,91
217190,toy+story+3+2010,64
250977,purple+butterfly+2003,61
300066,chicagogirl+2013,35
474804,thunderbird+6+1968,40
447687,saving+general+yang+2013,35
79417,the+girl+with+the+dragon+tattoo+2011,38
12144,die+hard+1988,29
210748,liberal+arts+2012,18
20856,the+golden+dream+2013,5
218388,the+deadly+trackers+1973,75
134089,a+bugs+life+1998,38
486685,mickey_+donald_+goofy+the+three+musketeers+2004,56
281272,olympia+part+one+festival+of+the+nations+1938,14
498499,the+good_+the+bad+and+the+ugly+1966,58
298417,entity+2012,27
499505,control+2003,68
73731,thor+the+dark+world+2013,50
56932,carlos+2010,216
282028,how+to+train+your+dragon+2010,84
66802,the+amazing+spider-man+2+2014,44
484029,little+miss+marker+1934,58
492277,monsters+university+2013,85
488,the+lord+of+the+rings+the+return+of+the+king+2003,134
482493,kings+faith+2013,44
85195,trust+me+2013,82
182343,la+pointe-courte+1955,43
378206,the+killer+1989,99
274231,castle+in+the+sky+1986,72
565684,heads+1994,59
358369,flying+swords+of+dragon+gate+2011,31
376283,batman+begins+2005,2
496360,shaft+2000,25
315641,the+frighteners+1996,74
545382,dolores+claiborne+1995,83
481553,house+1986,16
16601,gladiator+2000,133
359447,toy+story+3+2010,63
419727,raising+helen+2004,45
359165,harry+potter+and+the+goblet+of+fire+2005,157
34714,star+wars+episode+ii+-+attack+of+the+clones+2002,38
581298,repo+men+2010,32
411391,the+dark+knight+rises+2012,97
191652,the+boy+in+the+striped+pyjamas+2008,46
195495,se7en+1995,27
373451,toy+story+3+2010,9
448446,tampopo+1985,11
449328,tangled+2010,45
354070,the+big+blue+1988,105
319153,watchmen+2009,123
148869,scarface+1983,141
53716,shutter+island+2010,88
108772,there+was+a+father+1942,90
34049,the+cat+returns+2002,58
23425,my+girl+2+1994,16
329818,the+chronicles+of+narnia+the+lion_+the+witch+and+the+wardrobe+2005,80
401985,as+it+is+in+heaven+2004,20
294175,the+last+samurai+2003,49
557320,spider-man+2002,48
536891,mr.+lucky+1943,59
272572,wont+back+down+2012,58
267808,casualties+of+war+1989,99
442363,love+the+beast+2009,92
280216,the+man+in+the+glass+booth+1975,3
144218,the+last+hurrah+1958,33
172417,despicable+me+2+2013,33
56604,fever+pitch+2005,93
370723,terminator+2+judgment+day+1991,22
539525,cah+2010,99
240243,sympathy+for+lady+vengeance+2005,115
580206,the+lord+of+the+rings+the+fellowship+of+the+ring+2001,89
542438,men+in+black+1997,83
114317,the+matrix+1999,23
505593,directed+by+john+ford+1971,68
213230,the+oranges+2011,72
502779,aliens+1986,51
409532,it+follows+2015,55
424535,toto+the+hero+1991,67
217709,trailer+park+boys+dont+legalize+it+2014,77
175087,black+widow+1987,94
189840,seeking+justice+2011,66
99735,notes+on+a+scandal+2006,46
344684,harry+potter+and+the+half-blood+prince+2009,11
26462,tracers+2015,35
391475,bee+movie+2007,38
204219,the+dark+knight+rises+2012,93
248010,ice+age+dawn+of+the+dinosaurs+2009,94
278101,the+champion+1915,18
515988,shutter+island+2010,60
565867,la+femme+nikita+1990,8
557221,dial+m+for+murder+1954,86
261789,kingsman+the+secret+service+2015,103
439108,institute+benjamenta_+or+this+dream+people+call+human+life+1995,90
512043,ballet+shoes+2008,67
383334,little+sister+1992,32
244131,tightrope+1984,2
406854,the+guns+of+navarone+1961,46
411270,x-men+days+of+future+past+2014,89
218022,the+elephant+man+1980,61
447988,virunga+2014,47
508515,the+count+of+monte+cristo+2002,33
397556,ratatouille+2007,102
95867,the+karlsson+brothers+2010,11
467145,heading+south+2005,8
106924,giant+1956,163
27810,the+dish++the+spoon+2011,41
492391,an+ungentlemanly+act+1992,8
368041,whiplash+2014,99
1961,gone+girl+2014,144
396889,buster+keaton+a+hard+act+to+follow+1987,40
88514,raiders+of+the+lost+ark+1981,66
505312,the+imitation+game+2014,58
335452,withnail++i+1987,54
579060,the+dancemaker+1998,46
603022,interstellar+2014,16
408527,batman+1989,29
300458,cinderella+2015,46
427348,the+imitation+game+2014,102
270467,the+killers+1964,73
527678,gone+girl+2014,83
551363,frozen+2013,17
230904,himalaya+1999,75
77536,dirty+wars+2013,13
539940,close+encounters+of+the+third+kind+1977,28
318246,the+arrow+1997,149
382084,deception+1946,25
286740,soldier+of+fortune+1955,20
349924,how+to+train+your+dragon+2010,57
241721,x-men+days+of+future+past+2014,59
517798,the+mask+of+zorro+1998,25
130532,butterfly+1999,67
164721,paper+man+2009,74
212830,castle+in+the+sky+1986,76
589164,forrest+gump+1994,3
8321,dont+be+afraid+of+the+dark+2010,81
447954,siddhartha+1972,32
68436,the+quiet+man+1952,12
187529,goodfellas+1990,24
129959,the+green+mile+1999,37
113417,your+highness+2011,96
238631,independence+day+1996,18
506978,1066+the+battle+for+middle+earth+2009,149
192551,hercules+1997,35
165508,juliet+of+the+spirits+1965,63
429218,the+celebration+1998,48
548511,ghost+river+2002,83
392055,the+shawshank+redemption+1994,64
33115,evil+dead+2013,41
195047,the+confession+1970,92
451563,bleak+night+2010,32
382835,the+godfather+1972,15
342777,serpico+1973,111
442137,total+recall+1990,51
186099,into+the+middle+of+nowhere+2010,3
372661,stonewall+1995,71
388149,danny+deckchair+2003,75
308035,tangled+2010,7
88955,the+hunchback+of+notre+dame+1996,10
276280,pioneer+2013,71
452486,off+beat+1986,76
212639,star+wars+episode+iii+-+revenge+of+the+sith+2005,122
517866,casino+royale+2006,75
462493,brave+2012,18
341244,inception+2010,20
449388,aladdin+1992,87
126286,the+girl+with+the+dragon+tattoo+2009,133
264093,raiders+of+the+lost+ark+1981,56
507288,personal+property+1937,29
261964,the+lord+of+the+rings+the+return+of+the+king+2003,77
445907,the+matrix+1999,131
340790,sherrybaby+2006,51
599543,the+barretts+of+wimpole+street+1934,5
50808,scent+of+a+woman+1992,55
119796,the+music+man+2003,138
134028,partners+1982,60
467745,a+common+thread+2004,41
297461,parkland+2013,91
230698,the+lord+of+the+rings+the+two+towers+2002,4
66883,harry+potter+and+the+deathly+hallows+part+2+2011,100
558685,groundhog+day+1993,97
108526,higher+learning+1995,72
511192,virginia+2010,18
300741,bhowani+junction+1956,46
478579,the+incredible+hulk+2008,77
136388,tales+of+manhattan+1942,43
29343,the+lord+of+the+rings+the+fellowship+of+the+ring+2001,119
109983,joyeux+nol+2005,30
64700,robots+2005,27
305369,dr.+ehrlichs+magic+bullet+1940,85
164743,independence+day+1996,141
577844,the+little+foxes+1941,78
209507,whisper+of+sin+2007,23
477020,back+to+the+secret+garden+2001,19
581745,the+shawshank+redemption+1994,55
438990,antiviral+2012,71
456969,encounters+at+the+end+of+the+world+2007,35
416456,making+plans+for+lena+2009,21
473501,gattaca+1997,21
97812,rebecca+1940,14
607151,the+sky+dragon+1949,33
346141,5+fingers+1952,76
435608,in+china+they+eat+dogs+1999,68
585180,the+last+of+the+mohicans+1936,57
247384,apollo+13+1995,74
327723,eddie+1996,76
557782,oxygen+2009,60
280578,the+shawshank+redemption+1994,69
396803,citizen+cohn+1992,38
470511,human+lanterns+1982,43
78034,lost+in+yonkers+1993,95
506887,clerks+ii+2006,15
230426,running+with+scissors+2006,92
312718,citizenfour+2014,14
559179,zozo+2005,89
418351,big+hero+6+2014,94
286587,oh+my+god+2009,11
317369,reservoir+dogs+1992,31
582211,living+with+michael+jackson+a+tonight+special+2003,1
86960,serpico+1973,85
18506,becoming+chaz+2011,79
301615,hondo+1953,77
58098,the+smiling+lieutenant+1931,47
63039,once+upon+a+time+in+america+1984,77
91922,ten+seconds+to+hell+1959,65
190323,shutter+island+2010,87
22871,maleficent+2014,73
376620,dial+m+for+murder+1954,37
145327,the+shining+1980,83
380900,marked+woman+1937,37
107522,the+importance+of+being+earnest+1952,69
272359,how+green+was+my+valley+1941,72
32678,wreck-it+ralph+2012,55
516040,hush+2008,61
383891,airplane+1980,67
460733,my+left+foot+the+story+of+christy+brown+1989,20
511238,scenes+from+a+marriage+1973,85
418025,the+story+of+three+loves+1953,50
309045,adventures+of+don+juan+1948,64
100482,terminator+2+judgment+day+1991,42
133790,dances+with+wolves+1990,37
19079,in+the+basement+2014,43
520514,ratatouille+2007,59
142909,the+misfits+1961,97
228647,constantine+2005,34
166256,coraline+2009,45
321389,the+shining+1980,54
68345,fog+over+frisco+1934,51
498887,constantine+2005,50
436458,payback+1999,55
271259,x-men+days+of+future+past+2014,20
100365,the+legend+of+suram+fortress+1986,8
64612,ponyo+2008,16
101532,kikis+delivery+service+1989,13
475355,the+lord+of+the+rings+the+fellowship+of+the+ring+2001,13
26512,ong-bak+the+thai+warrior+2003,87
238478,weirdsville+2007,11
14868,harold++kumar+go+to+white+castle+2004,16
556278,the+war+of+the+robots+1978,30
408860,the+little+mermaid+1989,13
211262,the+family+that+preys+2008,26
187049,dr.+no+1962,27
93282,the+golden+child+1986,31
195372,the+fall+2008,33
498172,letters+to+juliet+2010,31
391069,heat+1972,26
391195,prt--porter+1994,30
195960,the+hidden+fortress+1958,96
92704,gladiator+2000,15
118062,tactical+force+2011,17
366734,911+2002,6
252446,shenandoah+1965,87
546406,wyrmwood+road+of+the+dead+2014,23
529561,bunraku+2010,16
535202,ponyo+2008,38
398757,dark+house+2014,45
449876,the+third+wheel+2002,18
28574,the+scarlet+empress+1934,14
394772,is+the+man+who+is+tall+happy+2013,17
210088,constantine+2005,25
524880,the+constant+gardener+2005,6
279727,harry+potter+and+the+philosophers+stone+2001,47
276533,finding+nemo+2003,83
162306,12+angry+men+1997,10
255162,the+lord+of+the+rings+the+fellowship+of+the+ring+2001,9
268817,the+war+zone+1999,8
113166,1776+1972,7
107399,lady+and+the+tramp+1955,12
336722,berlin+alexanderplatz+1980,236
460778,fury+2014,7
12282,walle+2008,14
281771,news+from+home+1977,43
188515,heaven+help+us+1985,40
556736,game+of+death+ii+1981,1
415760,invaders+from+space+1965,4
338847,the+shaggy+d.a.+1976,0
562651,bianco_+rosso+e+verdone+1981,0
366599,the+maze+runner+2014,3
504527,romeo++juliet+1996,22
191954,perfume+the+story+of+a+murderer+2006,101
493307,the+matrix+1999,37
305766,the+kingdom+2007,103
1493,iron+man+3+2013,54
36270,pirates+of+the+caribbean+on+stranger+tides+2011,1
45649,nothing+sacred+1937,61
281818,north+by+northwest+1959,84
471659,the+night+of+the+hunter+1955,67
571880,harry+potter+and+the+deathly+hallows+part+2+2011,113
158328,the+lord+of+the+rings+the+two+towers+2002,68
2024,coraline+2009,95
318320,the+king+is+alive+2000,96
473671,close+encounters+of+the+third+kind+1977,87
594135,saving+private+ryan+1998,102
219551,28+days+later+2002,41
392385,spartan+2004,44
124673,blue+velvet+1986,73
114849,world+on+a+wire+1973,112
179472,the+shawshank+redemption+1994,77
181187,the+lincoln+lawyer+2011,9
422100,cocaine+cowboys+2006,96
476443,doomed+love+1979,246
523286,mona+lisa+smile+2003,24
567007,woyzeck+1979,8
450460,ladyhawke+1985,112
572768,the+ewok+adventure+1985,44
231015,general+della+rovere+1959,44
289765,van+diemens+land+2009,29
78639,the+lord+of+the+rings+the+fellowship+of+the+ring+2001,10
566356,i+walked+with+a+zombie+1943,64
382386,the+nutcracker+the+untold+story+2010,33
408081,the+heart+is+a+lonely+hunter+1968,24
29364,2001+a+space+odyssey+1968,123
116010,salmon+fishing+in+the+yemen+2011,13
587322,star+wars+episode+iii+-+revenge+of+the+sith+2005,106
346968,charlie+and+the+chocolate+factory+2005,87
272945,the+incredibles+2004,90
311158,se7en+1995,7
334302,the+little+mermaid+1989,77
96635,do+you+remember+dolly+bell+1981,36
336475,inception+2010,130
13702,fury+2014,84
266382,schindlers+list+1993,40
157827,despicable+me+2010,81
98936,charlie+and+the+chocolate+factory+2005,11
16145,champion+1949,36
433003,inception+2010,140
514254,harry+potter+and+the+deathly+hallows+part+1+2010,30
158850,harry+potter+and+the+deathly+hallows+part+1+2010,66
582813,howls+moving+castle+2004,34
241847,hairspray+2007,104
230951,body+bags+1993,76
427863,fun+on+a+weekend+1947,59
532976,brother+sun_+sister+moon+1972,99
483234,hitchcock+2012,39
398262,skyfall+2012,51
143948,kikis+delivery+service+1989,30
590941,the+civil+war+1990,199
115634,the+fifth+element+1997,46
359371,days+of+wine+and+roses+1962,96
158046,jonis+promise+2005,80
288714,fantasy+mission+force+1983,45
418917,a+brief+history+of+time+1991,44
190642,palms+1994,68
505666,my+joy+2010,59
429431,babettes+feast+1987,96
334738,the+green+ray+1986,62
16326,penguins+of+madagascar+2014,34
218067,the+incredible+hulk+2008,4
90723,taking+chance+2009,28
428619,happy+feet+2006,7
291046,crossing+over+2009,13
131785,period+of+adjustment+1962,21
74944,murder+and+murder+1996,97
247567,the+odessa+file+1974,45
174310,highway+racer+1977,48
339579,interstellar+2014,112
410470,dancing+in+september+2001,67
526369,the+war+zone+1999,38
133053,the+postman+1994,14
255497,princess+mononoke+1997,48
442862,willy+wonka++the+chocolate+factory+1971,66
560732,the+biggest+bundle+of+them+all+1968,49
377281,the+dust+bowl+2012,111
80771,seven+samurai+1954,125
387731,hubble+3d+2010,24
188165,the+burrowers+2008,44
351306,gandhi+1982,163
90672,viridiana+1961,66
488818,tropic+thunder+2008,65
246287,bad+words+2013,52
140531,tangled+2010,94
244232,hxan+1922,46
465538,kamikaze+girls+2004,91
522837,a+murder+of+crows+1999,82
312831,when+willie+comes+marching+home+1950,26
576547,midnights+children+2012,141
274579,saving+private+ryan+1998,128
332448,bathory+countess+of+blood+2008,128
244417,i+am+cuba+1964,102
443596,batman+begins+2005,12
348392,the+soft+skin+1964,2
57959,hall+pass+2011,62
328997,the+apostle+1997,82
570923,dragon+ball+z+broly+-+the+legendary+super+saiyan+1993,27
257700,as+good+as+it+gets+1997,94
239713,harry+potter+and+the+philosophers+stone+2001,144
486550,lost+and+found+1979,8
186136,the+life+of+emile+zola+1937,62
539491,before+the+dinosaurs+-+walking+with+monsters+2005,37
133682,greetings+1968,72
428396,true+lies+1994,103
262815,apollo+13+1995,98
250953,pulp+fiction+1994,73
466230,lorenzos+oil+1992,44
88424,the+good_+the+bad+and+the+ugly+1966,15
252742,monty+python+and+the+holy+grail+1975,39
151694,strawberry+wine+2009,48
353458,cinderella+1950,26
1924,love+can+seriously+damage+your+health+1997,66
513136,fellini+satyricon+1969,72
525741,exodus+1960,107
49293,kiss+me+deadly+1955,31
228014,conquest+of+space+1955,35
541443,leon+the+professional+1994,56
139463,he+ran+all+the+way+1951,21
575771,a+perfect+murder+1998,91
143039,the+devils+rock+2011,76
493616,thor+2011,36
484602,the+chronicles+of+narnia+the+lion_+the+witch+and+the+wardrobe+2005,50
531450,dial+m+for+murder+1954,58
362797,death+of+a+nation+-+the+timor+conspiracy+1994,56
4068,frozen+2013,56
261942,the+lord+of+the+rings+the+fellowship+of+the+ring+2001,29
282221,the+lord+of+the+rings+the+fellowship+of+the+ring+2001,167
331735,thor+2011,1
75240,jail+bait+1954,16
26580,samurai+rebellion+1967,12
578295,ghost+in+the+shell+2+innocence+2004,27
367752,the+lord+of+the+rings+the+two+towers+2002,176
87780,the+human+comedy+1943,104
181971,saving+private+ryan+1998,76
540021,the+godfather+1972,70
343745,the+ox-bow+incident+1943,33
79043,vivre+sa+vie+1962,41
350968,se7en+1995,59
188237,one+flew+over+the+cuckoos+nest+1975,124
39843,special+26+2013,77
394901,littlerock+2010,47
355540,bonjour+tristesse+1958,42
246049,destination+gobi+1953,66
178614,vanity+fair+2004,17
513685,brave+2012,36
252631,cheeky+girls+2008,79
25272,oliver+1968,43
499547,under+the+roofs+of+paris+1930,4
462421,priest+2011,54
399409,sleuth+1972,49
591760,the+yearling+1946,82
309713,the+matrix+1999,60
399117,a+touch+of+sin+2013,44
153278,crackerjack+2002,12
168827,alice+in+wonderland+1951,41
422951,x-men+days+of+future+past+2014,54
483540,letters+from+iwo+jima+2006,123
113614,star+wars+1977,27
241765,jackass+3d+2010,40
291047,the+matrix+reloaded+2003,74
114884,music+from+another+room+1998,101
438720,airplane+1980,29
387032,2001+a+space+odyssey+1968,13
16383,princess+mononoke+1997,108
475454,kiss+and+tell+1996,106
266847,chicken+run+2000,80
43207,frozen+2013,89
307125,tin+man+2007,186
72485,angelas+ashes+1999,118
595464,le+week-end+2013,70
75911,something+the+lord+made+2004,24
415913,a+lamp+in+the+dark+the+untold+history+of+the+bible+2009,6
377159,gone+with+the+wind+1939,133
405454,white+oleander+2002,6
65298,the+jodorowsky+constellation+1994,75
242913,becoming+jane+2007,15
28364,coraline+2009,91
369412,stricken+2009,39
369812,kabluey+2007,28
423841,queen+days+of+our+lives+2011,38
83458,m+1951,69
338069,the+american+president+1995,75
286599,iron+man+2008,96
178036,ingmar+bergman+makes+a+movie+1963,137
486532,accattone+1961,4
335412,a+tale+of+two+sisters+2003,99
555647,2001+a+space+odyssey+1968,99
365179,taxi+driver+1976,81
437325,hawaii+1966,118
361303,shaolin+soccer+2001,21
451382,magic+mike+2012,24
49808,x-men+days+of+future+past+2014,101
169053,harry+potter+and+the+prisoner+of+azkaban+2004,66
368499,predator+1987,65
588035,play+it+again_+sam+1972,48
327717,littlerock+2010,19
315324,indiana+jones+and+the+temple+of+doom+1984,37
411194,the+last+wave+1977,50
141123,broadway+danny+rose+1984,20
456683,donkey+skin+1970,28
508576,twin+peaks+fire+walk+with+me+1992,66
404074,beautiful+creatures+2013,98
293707,the+lion+king+1994,28
511033,napoleon+1927,15
603406,clownhouse+1989,8
378616,anastasia+1997,15
535794,spirited+away+2001,12
290551,rosemarys+baby+1968,23
550343,primal+fear+1996,66
360012,kingsman+the+secret+service+2015,40
187137,a+passage+to+india+1984,140
409963,forget+me+not+2009,6
441260,the+jungle+book+1967,68
293470,the+piano+in+a+factory+2011,82
18997,watership+down+1978,60
167107,dumbo+1941,3
455985,the+black+windmill+1974,49
226087,livid+2011,13
467693,the+queen+of+spades+1949,3
65547,ernest++celestine+2012,48
413016,gone+girl+2014,83
161767,a+man+of+no+importance+1994,87
427813,all+the+presidents+men+1976,12
175756,jesse+james+1939,73
478440,heartbreaker+2010,48
229380,samsara+2011,54
524034,girl_+interrupted+1999,34
416565,friendship+2010,85
468827,snow+cake+2006,85
271439,the+goonies+1985,109
137385,inception+2010,79
229971,lilies+1996,16
25308,raiders+of+the+lost+ark+1981,87
470276,night+of+the+demon+1957,94
35895,omg+oh+my+god+2012,22
579722,the+ice+storm+1997,39
376256,working+girl+1988,114
283646,highwaymen+2004,41
120533,the+kiss+1929,67
426553,grip+of+the+strangler+1958,69
351783,intolerable+cruelty+2003,20
358448,the+decameron+1971,9
51177,the+green+mile+1999,133
368606,the+aristocats+1970,17
226740,purple+noon+1960,5
478530,dont+blink+2014,79
562784,shaun+of+the+dead+2004,20
543763,toy+story+2+1999,73
203913,the+great+debaters+2007,56
549511,the+hobbit+an+unexpected+journey+2012,45
239228,the+trials+of+darryl+hunt+2007,96
594648,the+hobbit+an+unexpected+journey+2012,54
601505,the+deluge+1974,72
197791,quicksilver+highway+1997,53
512276,tender+cousins+1980,64
601534,la+grande+bouffe+1973,82
193884,the+goonies+1985,89
85314,the+devil+wears+prada+2006,72
584098,bleach+the+movie+fade+to+black+2008,67
595233,ratatouille+2007,55
539174,la+haine+1995,29
54155,the+devil+came+on+horseback+2007,4
100397,tribulation+2000,74
209563,a+shot+in+the+dark+1964,42
571237,i_+robot+2004,58
474409,the+dark+knight+2008,63
292423,the+negotiator+1998,45
146415,either+way+2011,47
197909,airspeed+1998,61
559187,nightcrawler+2014,51
97274,monte+carlo+1930,53
605325,pinocchio+1940,53
271873,passion+2012,35
453304,iron+man+2+2010,85
180389,death+on+the+nile+1978,46
500046,the+lord+of+the+rings+the+two+towers+2002,54
191929,what+maisie+knew+2013,36
104290,interstellar+2014,80
484928,the+wolf+of+wall+street+2013,27
192002,nausica+of+the+valley+of+the+wind+1984,9
465093,la+vie+de+bohme+1992,27
81242,frozen+2013,32
431910,batman+begins+2005,35
547674,amarcord+1973,33
130352,titanic+1997,112
391275,hotel+very+welcome+2007,25
168045,looking+for+richard+1996,46
207780,anchors+aweigh+1945,37
195744,wicked+little+things+2006,19
503271,the+rock-afire+explosion+2009,20
380298,coraline+2009,47
536072,interstellar+2014,31
378664,true+lies+1994,127
273665,shutter+island+2010,22
475858,mirror+mirror+2012,32
86784,the+gods+must+be+crazy+1980,85
243310,the+indian+fighter+1955,24
221675,the+lord+of+the+rings+the+two+towers+2002,14
487415,after+porn+ends+2012,48
357289,no+direction+home+bob+dylan+2005,52
383514,harry+potter+and+the+deathly+hallows+part+2+2011,32
210320,celebrity+1998,26
111413,a+jungle+book+of+regulations+1974,15
163486,return+with+honor+1999,14
550576,tom+at+the+farm+2014,14
110374,the+good_+the+bad+and+the+ugly+1966,8
345636,scarface+1983,9
9873,mindscape+2013,13
95289,the+holy+mountain+1973,10
189119,harry+potter+and+the+half-blood+prince+2009,8
199687,all+the+presidents+men+1976,64
594012,brave+2012,39
180528,damage+1992,95
561806,born+in+flames+1983,23
299518,the+equalizer+2014,13
335333,seven+samurai+1954,0
217087,harry+potter+and+the+order+of+the+phoenix+2007,9
101183,the+lord+of+the+rings+the+return+of+the+king+2003,120
56996,the+giver+2014,55
379118,the+goonies+1985,66
198511,john+adams+2008,201
470419,wishmaster+3+beyond+the+gates+of+hell+2001,47
64487,the+one+i+love+2014,56
512578,i+killed+my+mother+2009,15
399973,mr.++mrs.+smith+2005,106
185414,the+magnificent+ambersons+1942,34
275067,interstellar+2014,21
496089,into+the+west+2005,274
50040,festival+express+2003,17
460943,once+upon+a+time+in+china+ii+1992,58
164920,aliens+1986,3
586416,one+flew+over+the+cuckoos+nest+1975,11
249055,constantine+2005,82
465873,baby+doll+1956,88
203286,schindlers+list+1993,2
87461,whiplash+2014,73
51313,shrek+2+2004,61
262539,ratatouille+2007,66
151982,a+hard+days+night+1964,30
561327,pickup+on+south+street+1953,32
271879,tales+of+terror+from+tokyo+and+all+over+japan+the+movie+2004,93
289858,snowpiercer+2013,22
305796,ice+soldiers+2013,4
284959,last+year+at+marienbad+1961,41
289421,howling+v+the+rebirth+1989,83
314757,harry+potter+and+the+order+of+the+phoenix+2007,8
197234,aliens+1986,34
199659,cave+of+forgotten+dreams+2010,55
558460,interstellar+2014,7
14381,titanic+1997,64
16609,sirens+1993,74
125965,x-men+days+of+future+past+2014,49
284097,flying+home+2014,34
504781,doubt+2008,105
480978,lawrence+of+arabia+1962,87
364654,tinker+tailor+soldier+spy+1979,105
557988,french+kiss+1995,29
273939,ace+ventura+pet+detective+1994,72
327823,pirates+of+the+caribbean+dead+mans+chest+2006,149
403187,casablanca+1942,65
470430,big+hero+6+2014,101
135998,the+bourne+identity+1988,175
418283,superbad+2007,38
248482,inception+2010,145
69383,the+greatest+game+ever+played+2005,121
227889,spirited+away+2001,125
195688,pocahontas+1995,18
324306,the+hunchback+of+notre+dame+1923,102
119337,the+secret+world+of+arrietty+2010,12
333225,gone+girl+2014,17
379314,despicable+me+2+2013,52
335197,harry+potter+and+the+half-blood+prince+2009,105
67953,spider-man+2002,91
410605,free+enterprise+1998,93
113954,when+worlds+collide+1951,51
115199,blood+and+black+lace+1964,8
262541,ponyo+2008,71
119757,coraline+2009,71
290097,the+mechanic+1972,6
126022,dragon+ball+gt+a+heros+legacy+1997,4
532186,if+i+were+you+2013,116
119260,avatar+2009,32
364542,the+secret+of+kells+2009,56
164308,shrek+2001,86
91609,the+lord+of+the+rings+the+two+towers+2002,137
73941,shopgirl+2005,7
530957,ninja+4+siege+1964,43
33866,22+jump+street+2014,15
134977,up+2009,57
584102,widows+2011,64
80256,raiders+of+the+lost+ark+1981,97
143879,outlander+2008,28
420884,airplane+1980,13
179812,regular+lovers+2005,175
311911,national+gallery+2014,4
279835,very+happy+alexander+1968,68
51139,eye+of+the+devil+1966,10
154075,lone+star+1996,90
261792,ratatouille+2007,53
555876,monsters_+inc.+2001,68
395519,blade+runner+1982,109
576086,the+recruit+2003,112
594897,inception+2010,132
530386,star+wars+episode+iii+-+revenge+of+the+sith+2005,81
158401,coffy+1973,84
471408,jerry+maguire+1996,77
182052,the+shawshank+redemption+1994,3
232634,wish+i+was+here+2014,5
287255,legend+of+the+fist+the+return+of+chen+zhen+2010,59
111228,live+and+become+2005,20
583003,4+little+girls+1997,52
480071,shall+we+dance+1937,22
508791,the+hobbit+an+unexpected+journey+2012,136
323027,mulan+1998,70
284422,chocolat+1988,73
71264,tsotsi+2005,64
355535,step+brothers+2008,96
525114,the+big+blue+1988,40
155605,stagefright+aquarius+1987,8
582774,titanic+1997,169
324230,pirates+of+the+caribbean+on+stranger+tides+2011,113
27860,snow+on+the+pines+2013,65
107858,the+godfather+1972,26
356511,the+last+of+sheila+1973,109
254614,boot+camp+2008,10
348867,the+love+letter+1998,36
170089,mongolian+ping+pong+2005,35
556771,kiss+me+kate+1953,37
495233,i+stand+alone+1998,4
396432,terminator+2+judgment+day+1991,80
202554,the+fifth+element+1997,85
142349,lady+chatterleys+lover+1981,78
50951,edward_+my+son+1949,76
402962,the+incredibles+2004,107
573629,valerie+and+her+week+of+wonders+1970,56
461991,key+largo+1948,83
572337,the+white+diamond+2004,46
525700,keeping+mum+2005,72
343139,star+wars+1977,121
395343,ulysses+1967,131
283403,harry+potter+and+the+order+of+the+phoenix+2007,22
5128,army+of+shadows+1969,122
231332,two+sons+of+francisco+2005,27
521944,captain+abu+raed+2007,22
319278,harry+potter+and+the+prisoner+of+azkaban+2004,81
402253,high+society+1956,94
62592,our+music+2004,66
367791,fury+2014,87
181230,the+princess+diaries+2001,2
311675,my+neighbor+totoro+1988,32
360500,indiana+jones+and+the+last+crusade+1989,87
601009,robots+2005,7
89044,guardians+of+the+galaxy+2014,115
221066,murder_+my+sweet+1944,55
42122,pirates+of+the+caribbean+at+worlds+end+2007,19
123545,21+up+1977,34
164980,saving+private+ryan+1998,106
124790,vampyr+1932,19
472129,the+incredibles+2004,50
267551,harry+potter+and+the+prisoner+of+azkaban+2004,82
562714,harry+potter+and+the+deathly+hallows+part+2+2011,32
607471,brief+encounter+1945,84
132328,the+prestige+2006,40
549831,spirited+away+2001,74
129614,monogamy+2010,93
340930,brunet+wieczorow+por+1976,49
21848,balzac+and+the+little+chinese+seamstress+2002,103
26034,the+dark+knight+rises+2012,105
424782,a+bronx+tale+1993,100
36910,the+lion+king+1994,34
438887,from+russia+with+love+1963,72
546904,frank+herberts+dune+2000,168
57270,avatar+2009,85
292499,anastasia+1997,77
587673,all+through+the+night+1941,37
458968,robinson+crusoe+1997,4
304996,winchester+73+1950,39
375,terminator+2+judgment+day+1991,134
330071,ratatouille+2007,54
63355,thomas+in+love+2000,14
84604,the+flame+of+new+orleans+1941,9
262956,michael+2011,43
50687,dumbo+1941,64
370922,treasure+planet+2002,62
79164,interstellar+2014,165
253776,the+matrix+1999,131
426883,my+blueberry+nights+2007,41
326068,hell+baby+2013,92
198182,cat+people+1982,18
314636,empire+of+the+sun+1987,52
482589,the+shawshank+redemption+1994,60
330423,american+pie+2+2001,63
449640,avatar+2009,55
534679,super+fly+1972,2
496248,harry+potter+and+the+half-blood+prince+2009,110
465258,the+informant+2009,9
346193,the+chronicles+of+narnia+the+lion_+the+witch+and+the+wardrobe+2005,15
350861,hero+1992,66
605669,knuckle+2011,47
26909,the+innocents+1961,61
383844,my+night+at+mauds+1969,8
468174,weekend+1967,73
487552,dial+m+for+murder+1954,101
185067,killjoy+2+deliverance+from+evil+2002,8
327221,final+analysis+1992,20
95937,back+to+the+future+1985,16
516209,wreck-it+ralph+2012,11
364130,despicable+me+2+2013,17
464712,iron+man+3+2013,2
319325,collateral+2004,43
287350,craigs+wife+1936,47
484217,street+without+end+1934,20
97244,constantine+2005,108
127848,thrse+raquin+1953,82
210534,niko+2+-+little+brother_+big+trouble+2012,21
589556,walle+2008,93
40375,suzannes+career+1963,34
362392,lantana+2001,2
515380,maleficent+2014,84
50885,manakamana+2013,55
572675,flirting+with+disaster+1996,23
123279,batman+begins+2005,138
102779,a+perfect+murder+1998,108
305653,the+green+mile+1999,114
295403,the+lord+of+the+rings+the+fellowship+of+the+ring+2001,17
167457,harakiri+1962,122
473445,the+godfather+1972,24
110621,frozen+2013,28
256402,the+life+aquatic+with+steve+zissou+2004,31
54265,ivans+childhood+1962,5
291635,blackballed+the+bobby+dukes+story+2004,30
465112,casino+royale+2006,103
54877,batman+begins+2005,124
269401,mi+mejor+enemigo+2005,19
271564,no+2012,5
26395,mickey_+donald_+goofy+the+three+musketeers+2004,35
430757,for+love+of+the+game+1999,111
438714,iron+man+2008,33
416113,raiders+of+the+lost+ark+1981,20
390926,all+the+presidents+men+1976,1
520664,robot++frank+2012,85
224510,a+tale+of+two+sisters+2003,7
247505,a+fever+in+the+blood+1961,8
600007,spider-man+3+2007,57
508014,bless+me_+ultima+2013,13
573092,the+hunger+games+mockingjay+-+part+1+2014,14
545081,around+the+bend+2004,65
291320,viva+zapata+1952,22
318435,the+chaperone+2011,48
603534,the+clearing+2004,82
350548,american+winter+2013,60
8941,north+country+2005,31
10553,beauty+and+the+beast+1991,42
315212,iron+man+2008,113
446642,deathtrap+1982,40
513667,the+year+01+1973,13
231830,the+return+of+jafar+1994,11
162490,tokyo+fiance+2014,59
237523,the+black+lapp+2003,87
602614,desert+flower+2009,2
70805,a+bugs+life+1998,67
359212,charade+1963,4
192442,pirates+of+the+caribbean+the+curse+of+the+black+pearl+2003,117
600006,dont+look+now+were+being+shot+at+1966,66
342643,the+day+the+earth+stood+still+1951,25
493030,the+gold+bug+2014,72
575149,dawn+of+the+planet+of+the+apes+2014,93
576777,how+to+train+your+dragon+2+2014,96
470537,the+look+of+silence+2014,94
83374,bambi+1942,25
549599,raiders+of+the+lost+ark+1981,76
243494,how+to+train+your+dragon+2+2014,75
52812,star+wars+episode+ii+-+attack+of+the+clones+2002,76
232765,interstellar+2014,105
237195,the+lord+of+the+rings+the+two+towers+2002,62
81296,girl+in+progress+2012,31
122423,raiders+of+the+lost+ark+1981,14
175238,sadie+thompson+1928,73
16582,indiana+jones+and+the+last+crusade+1989,117
14007,interstellar+2014,82
454524,zulu+dawn+1979,87
26374,cars+2006,75
29054,angels+of+sex+2012,83
457087,pirates+of+the+caribbean+on+stranger+tides+2011,57
76798,castle+in+the+sky+1986,41
181141,man+of+la+mancha+1972,60
185299,kannathil+muthamittal+2002,21
57373,raintree+county+1957,70
413845,inception+2010,56
6223,home+alone+2+lost+in+new+york+1992,76
211270,the+chronicles+of+riddick+2004,82
357571,the+sniper+1952,67
151190,paraiso+travel+2009,24
4897,freedom+writers+2007,47
408066,lucky+no+time+for+love+2005,90
402850,gattaca+1997,52
314855,invincible+2006,40
448938,the+fire+within+1963,21
592275,raggedy+man+1981,56
530287,the+giver+2014,21
294909,priest+2011,27
150179,the+impossible+2012,103
297066,all+american+orgy+2010,86
267170,the+string+2009,51
430541,iron+man+2+2010,50
399969,girls+town+1996,59
465132,fight+club+1999,40
569582,the+passion+of+joan+of+arc+1928,48
468760,apollo+13+1995,98
147380,the+gods+must+be+crazy+1980,95
38495,harry+potter+and+the+prisoner+of+azkaban+2004,4
528505,bobby+jones+stroke+of+genius+2004,27
48988,johnny+dangerously+1984,5
73424,robots+2005,32
601105,elling+2001,84
290155,fade+to+black+2004,21
232432,appleseed+alpha+2014,21
579040,knocked+up+2007,99
240310,alice+in+wonderland+1951,21
587035,the+colony+2013,7
346601,the+lord+of+the+rings+the+return+of+the+king+2003,25
215054,miss+sweden+2004,2
107506,cleopatra+1963,172
165944,restraint+2008,27
376455,a+fish+called+wanda+1988,23
493946,bending+the+rules+2012,43
593328,quinceaera+2006,28
472497,hellraiser+1987,43
389011,the+match+1999,70
127831,the+incredibles+2004,22
537345,rear+window+1954,17
425580,harry+potter+and+the+order+of+the+phoenix+2007,15
232967,please+dont+eat+the+daisies+1960,21
520474,casino+royale+1967,97
321534,dances+with+wolves+1990,176
382564,the+red+squirrel+1993,81
407275,skellig+2009,18
462072,girl+with+green+eyes+1964,19
592372,the+crimson+permanent+assurance+1983,14
230397,dial+m+for+murder+1954,14
55490,frank+herberts+children+of+dune+2003,12
594546,dark+ride+2006,48
492693,dances+with+wolves+1990,180
371187,fight+club+1999,13
516137,frownland+2007,10
175430,mushi-shi+the+movie+2006,9
119945,the+green+mile+1999,6
337625,ice+age+continental+drift+2012,4
260767,spring_+summer_+fall_+winter...+and+spring+2003,1
46792,in+the+soup+1992,55
488428,airplane+1980,0
458423,philanthropy+2002,0
103612,the+secret+of+nimh+1982,0
347558,mrs.+parkington+1944,0
289414,while+the+city+sleeps+1956,0
399678,othello+1981,53
266703,casino+royale+2006,4
425787,monsters_+inc.+2001,78
14553,the+matrix+1999,69
332550,mirror+mirror+2012,93
412826,the+stoker+2010,45
545426,beloved+berlin+wall+2009,49
606798,no+direction+home+bob+dylan+2005,22
214847,the+knack...+and+how+to+get+it+1965,11
97464,the+terminator+1984,43
354329,the+kremlin+letter+1970,116
436705,princess+mononoke+1997,132
74555,lost+highway+1997,36
321186,the+raven+2012,48
214813,spirited+away+2001,92
437214,mr.+peabody++sherman+2014,26
6896,copying+beethoven+2006,42
148539,seven+samurai+1954,129
196994,kids+return+1996,74
531925,adrenaline+drive+1999,63
165851,people+of+the+wind+1976,30
84018,e.t.+the+extra-terrestrial+1982,112
11855,before+sunset+2004,35
317091,valentino+the+last+emperor+2009,86
284456,the+gatekeepers+2012,44
187253,inseparable+2011,74
54891,the+chronicles+of+narnia+the+lion_+the+witch+and+the+wardrobe+2005,4
496174,the+collector+2009,56
334341,akira+1988,3
13979,12+years+a+slave+2013,118
585119,stagecoach+1939,41
52270,family+band+the+cowsills+story+2011,76
190580,survive+style+5+2004,110
264127,star+wars+1977,110
172539,the+do-deca-pentathlon+2012,42
571853,it+follows+2015,33
156617,first+name+carmen+1983,4
89577,valentino+1977,8
223630,addicted+to+love+1997,85
376077,bullitt+1968,64
360637,asterix+the+gaul+1967,19
359873,the+mummy+1932,70
201824,hoop+dreams+1994,42
104819,the+truth+about+emanuel+2013,89
591918,mansfield+park+1999,105
177618,my+piece+of+the+pie+2011,66
606841,akira+1988,32
384272,the+other+guys+2010,79
70510,geronimo+an+american+legend+1993,22
543465,the+green+mile+1999,158
79719,the+amazing+spider-man+2012,15
427132,lassie+come+home+1943,4
573067,the+lord+of+the+rings+the+two+towers+2002,25
200670,canvas+2006,39
141583,the+man+who+haunted+himself+1970,10
64793,fresh+1994,79
531375,akira+1988,81
267325,inglourious+basterds+2009,60
80253,up+2009,72
358428,meteor+2009,101
417941,ichi+2008,71
281675,crossroads+1986,74
274987,the+dark+knight+2008,88
155504,my+neighbor+totoro+1988,70
280656,the+great+muppet+caper+1981,75
5837,lap+dance+2014,51
362051,aliens+1986,78
182290,flame++citron+2008,83
186168,falling+in+love+1984,62
441938,vera+drake+2004,107
551073,harry+potter+and+the+chamber+of+secrets+2002,127
301022,kill+bill+vol.+1+2003,39
378705,ghostbusters+1984,108
12814,greed+1924,106
25200,i+was+montys+double+1958,78
61608,a+letter+to+momo+2012,62
257071,shanghai+2012,48
518991,back+to+the+future+1985,7
277176,a+woman+under+the+influence+1974,109
141005,don++the+chase+begins+again+2006,129
112780,the+lord+of+the+rings+the+fellowship+of+the+ring+2001,26
603578,bambou+2009,98
125141,swades+we_+the+people+2004,37
450446,pulp+fiction+1994,41
150503,halo+legends+2010,53
567427,man+of+a+thousand+faces+1957,27
353396,the+king+of+marvin+gardens+1972,88
529851,euridice+ba+2037+1975,13
393918,intimate+strangers+2004,40
560497,z+1969,33
490900,frozen+2013,19
90354,beyond+the+sea+2004,22
489636,bachelor+party+vegas+2006,55
30344,when+harry+met+sally...+1989,45
81612,the+moderns+1988,40
272457,the+saint+in+london+1939,36
78229,iron+man+3+2013,26
61136,standing+still+2005,34
163892,the+shawshank+redemption+1994,108
513316,good+bye_+lenin+2003,93
278975,the+corporation+2003,117
484779,ponyo+2008,31
389670,harry+potter+and+the+prisoner+of+azkaban+2004,108
211760,the+right+stuff+1983,91
22229,the+chronicles+of+narnia+the+lion_+the+witch+and+the+wardrobe+2005,72
42441,automata+2014,8
284614,pirates+of+the+caribbean+the+curse+of+the+black+pearl+2003,116
494741,windtalkers+2002,38
355024,a+shot+in+the+dark+1964,60
539483,conviction+2010,23
218825,the+guardian+2006,128
547354,hoffa+1992,49
326392,the+man+who+knew+too+much+1956,112
103486,blade+runner+1982,87
44915,jimmy+carter+man+from+plains+2007,89
73825,seize+the+day+1986,9
461665,funny+games+2007,67
311998,inception+2010,14
78825,the+matrix+1999,62
213620,the+orkly+kid+1985,15
560050,waterland+1992,35
564536,heart+of+glass+1976,32
51357,cosi+1996,65
51715,pulp+fiction+1994,139
420995,katie+tippel+1975,21
319350,dead+end+drive-in+1986,12
493167,return+of+the+jedi+1983,135
177680,pressed+2011,74
206786,back+to+the+future+1985,29
555825,mirror+1975,47
554612,tracers+2015,77
149756,sun+valley+serenade+1941,49
207742,the+good_+the+bad+and+the+ugly+1966,1
496333,thrive+2011,34
240082,seventh+son+2014,24
316239,into+the+woods+2014,32
486423,how+to+train+your+dragon+2010,2
129498,seven+samurai+1954,90
539736,nobodys+children+1951,49
161633,the+taste+of+tea+2004,131
235543,the+jungle+book+1967,42
3186,sunburn+1979,46
308687,oss+117+cairo_+nest+of+spies+2006,22
591928,shadows+of+forgotten+ancestors+1965,5
154283,no+time+for+love+1943,2
463652,despicable+me+2010,3
296797,in+cold+blood+1996,14
246740,sunset+boulevard+1950,77
386577,a+case+of+you+2013,37
310014,kill+bill+vol.+2+2004,129
440227,smokey+and+the+bandit+1977,97
447380,the+wolf+of+wall+street+2013,108
598601,monsieur+hire+1989,76
419758,the+shawshank+redemption+1994,57
135367,dragon+ball+z+broly+-+the+legendary+super+saiyan+1993,32
362125,le+cercle+rouge+1970,78
91427,my+neighbor+totoro+1988,32
188006,hail+columbia+1982,9
141611,dances+with+wolves+1990,182
523544,the+hobbit+the+desolation+of+smaug+2013,59
326582,get+real+1998,23
581986,bad+words+2013,43
182128,igby+goes+down+2002,77
334747,toy+story+3+2010,97
516159,the+bourne+legacy+2012,83
260395,a+charlie+brown+christmas+1965,7
4047,accattone+1961,26
291191,the+five+senses+1999,55
472191,under+fire+1983,36
31174,apollo+13+1995,105
362088,dolores+claiborne+1995,33
165788,black+2005,46
142085,the+windmill+movie+2008,34
481005,dead+birds+2004,5
20542,i+vitelloni+1953,43
244050,the+legend+of+lobo+1962,48
305514,the+wackness+2008,19
85081,lore+2012,53
236366,hot+pepper+1973,15
38384,harry+potter+and+the+deathly+hallows+part+1+2010,108
66376,terminator+2+judgment+day+1991,54
441164,outrage+1973,16
566839,the+shawshank+redemption+1994,7
1844,anchors+aweigh+1945,139
558414,sydney+white+2007,109
212907,aliens+vs+predator+requiem+2007,3
575279,madagascar+2005,14
23123,a+very+british+gangster+2007,4
26831,the+bronze+2016,103
198592,the+machine+that+kills+bad+people+1952,50
125553,z+1969,104
284190,forrest+gump+1994,111
63358,toy+story+3+2010,100
177792,the+long+day+closes+1992,79
601493,louis+c.k.+shameless+2007,26
547675,the+good+doctor+2011,50
508776,wonderland+2003,38
227244,1+-+nenokkadine+2014,22
423480,the+color+of+friendship+2000,62
112476,the+thomas+crown+affair+1968,59
148335,interstellar+2014,137
487472,monty+python+and+the+holy+grail+1975,50
591855,lights+in+the+dusk+2006,35
537180,star+wars+1977,65
201852,one+flew+over+the+cuckoos+nest+1975,100
348567,invictus+2009,10
446728,twilight+2008,69
195678,how+to+train+your+dragon+2+2014,23
525323,howls+moving+castle+2004,6
457808,it+follows+2015,25
27566,bizarre+2015,58
199384,all+things+fair+1995,77
370961,klitschko+2011,22
54736,eureka+1983,41
93038,simon+magus+1999,48
281961,close+encounters+of+the+third+kind+1977,135
93870,star+wars+episode+iii+-+revenge+of+the+sith+2005,137
39020,the+lord+of+the+rings+the+fellowship+of+the+ring+2001,25
564654,prisoners+2013,107
194443,may+fools+1990,106
224033,the+sun+also+rises+2007,22
574006,the+gabby+douglas+story+2014,34
152579,too+late+the+hero+1970,73
28907,sal_+or+the+120+days+of+sodom+1975,29
346778,finding+nemo+2003,70
281498,winters+tale+2014,109
244901,big+hero+6+2014,11
484426,hearts+in+atlantis+2001,64
336069,42+up+1998,120
198244,harry+potter+and+the+deathly+hallows+part+1+2010,123
329926,bullitt+1968,113
352699,tie+xi+qu+west+of+the+tracks+2002,89
2466,love+and+lemons+2013,80
465022,on+the+road+2012,32
202031,the+substitute+1993,8
445285,blade+runner+1982,6
322274,were+the+world+mine+2008,8
601536,pulp+fiction+1994,17
375150,the+book+thief+2013,39
151316,burn+notice+the+fall+of+sam+axe+2011,13
300133,the+devil+to+pay+1930,40
394305,beetlejuice+1988,53
26635,kids+in+the+hall+brain+candy+1996,24
90441,insurgent+2015,69
498101,kill+bill+vol.+1+2003,40
241110,finding+nemo+2003,7
118574,before+the+fall+2004,56
303042,sing+your+song+2012,65
604617,el+siete+machos+1951,84
491050,crime+and+punishment+1983,56
4059,the+pet+2006,1
208830,rome_+open+city+1945,55
121635,the+secret+in+their+eyes+2009,14
296820,troy+2004,106
26137,captivity+2007,53
236099,whisper+of+the+heart+1995,52
414493,the+aggression+scale+2012,75
535757,blackout+2008,11
148639,turning+tide+2013,95
13465,the+matrix+1999,63
433881,the+princess+diaries+2001,80
418289,a+christmas+memory+1997,86
567876,master+and+commander+the+far+side+of+the+world+2003,2
23292,wheels+on+meals+1984,95
479879,the+fifth+element+1997,20
317496,iron+man+3+2013,81
115781,our+town+1940,46
556566,finding+nemo+2003,4
327499,the+boy+in+the+striped+pyjamas+2008,44
121943,bright+eyes+1934,70
159407,bridesmaids+2011,63
198779,babes+in+toyland+1961,78
5779,the+wicker+man+1973,36
359959,comfort+and+joy+1984,51
167693,witch+way+love+1997,97
51546,mr.+lucky+1943,13
216174,malcolm+x+1992,78
317714,ponyo+2008,66
472777,2001+a+space+odyssey+1968,3
494644,gettysburg+1993,107
436560,get+shorty+1995,73
341731,the+art+of+flight+2011,45
378564,a+tale+of+two+sisters+2003,7
374673,wide+eyed+and+legless+1993,84
110391,the+two+mrs.+carrolls+1947,81
566311,uncounted+2008,41
502232,harry+potter+and+the+half-blood+prince+2009,10
167821,x-men+days+of+future+past+2014,132
128831,aliens+1986,54
210912,back+to+the+future+1985,66
393701,raiders+of+the+lost+ark+1981,67
414555,star+wars+1977,78
556434,tracers+2015,68
62152,snow+white+and+the+seven+dwarfs+1937,63
551269,defiance+2008,21
24941,tattoo+1981,14
273265,grease+1978,63
355092,die+hard+1988,52
508643,monty+python+and+the+holy+grail+1975,28
407890,1776+1972,60
89146,fight+club+1999,53
73084,leon+the+professional+1994,50
248689,the+right+stuff+1983,20
170610,the+whole+ten+yards+2004,43
274130,happy+accidents+2000,22
137228,birdman+of+alcatraz+1962,54
131951,the+trouble+with+harry+1955,59
171363,brave+2012,10
465732,charms+for+the+easy+life+2002,56
539727,fight+club+1999,41
551107,destroy+all+monsters+1968,51
256129,iron+man+2008,49
234237,gandhi+1982,48
474108,missing+1982,22
6789,zamfirs+zona+2002,29
594988,lady+and+the+tramp+1955,33
181301,toe+to+toe+2010,46
259501,fathers+little+dividend+1951,7
299193,the+avengers+2012,20
219120,shoot+em+up+2007,83
271106,the+fifth+element+1997,7
158243,castle+in+the+sky+1986,98
100679,aliens+1986,25
534089,predator+1987,26
249865,the+last+waltz+1978,84
28779,darktown+strutters+1975,22
71188,amarcord+1973,32
447621,the+desperado+trail+1965,90
120485,susan+lenox+her+fall+and+rise+1931,21
164779,the+scarecrow+1972,4
271618,the+incredibles+2004,22
482242,my+side+of+the+mountain+1969,81
476691,paris+by+night+2012,6
825,project+a+1983,40
572664,shermans+march+1985,5
422566,the+imitation+game+2014,16
556753,since+you+went+away+1944,17
70842,pandoras+box+2008,10
393480,star+wars+episode+ii+-+attack+of+the+clones+2002,83
99187,e.t.+the+extra-terrestrial+1982,10
34461,two+for+the+money+2005,13
105943,coraline+2009,11
370829,flight+93+2006,3
394314,open+season+2+2008,6
349628,star+wars+1977,68
163271,nausica+of+the+valley+of+the+wind+1984,68
160423,madame+butterfly+1995,92
597357,the+avengers+2012,124
216277,interstellar+2014,121
337145,stone+of+destiny+2008,0
457960,inception+2010,0
359485,shrek+2001,0
397356,the+man+who+knew+too+much+1934,25
336926,the+lord+of+the+rings+the+fellowship+of+the+ring+2001,128
566618,nativity+2009,15
255486,dial+m+for+murder+1954,52
376590,apollo+13+1995,33
142584,blind+husbands+1919,58
539083,the+wild+child+1970,83
161785,interstellar+2014,2
225327,cutthroat+island+1995,80
368199,remember+me+2010,40
145185,fiftyfifty+1992,28
174816,one+fine+day+1996,33
55680,the+good_+the+bad+and+the+ugly+1966,56
44219,the+wolf+of+wall+street+2013,1
48959,nausica+of+the+valley+of+the+wind+1984,65
235713,casino+royale+2006,79
356463,this+must+be+the+place+2011,3
540542,sirocco+1951,74
42576,gone+girl+2014,17
306097,ill+be+there+2003,71
238655,the+boss+of+it+all+2006,32
56137,the+warlords+2007,73
459892,gone+girl+2014,41
460426,secrets++lies+1996,130
162509,the+doors+1991,136
199507,forty+guns+1957,77
161010,venus+boyz+2002,2
566487,the+hunchback+of+notre+dame+1996,5
163987,invisible+invaders+1959,14
204892,the+imitation+game+2014,44
280175,a+chinese+ghost+story+ii+1990,8
42589,the+double+2014,24
126711,close+encounters+of+the+third+kind+1977,107
560825,se7en+1995,109
36627,rio+bravo+1959,11
408080,belle+poque+1992,73
118481,ratatouille+2007,100
89103,adventures+of+captain+marvel+1941,113
421578,dances+with+dragon+1991,2
607425,time+of+the+gypsies+1988,134
78500,aladdin+1992,4
154836,the+day+the+earth+stood+still+1951,44
249800,the+pee-wee+herman+show+on+broadway+2011,78
286766,aladdin+1992,56
416811,cutthroat+island+1995,77
470073,still+of+the+night+1982,67
49333,dragonquest+2009,73
159450,road+to+perdition+2002,91
259449,fight+club+1999,115
461154,harry+potter+and+the+chamber+of+secrets+2002,132
416901,must+read+after+my+death+2007,2
387789,the+amazing+spider-man+2+2014,91
545923,tv+killar+och+en+tjej+1983,63
586494,treasure+planet+2002,47
466761,berlin+alexanderplatz+1980,245
583864,hotel+rwanda+2004,117
526763,beethovens+5th+2003,79
264557,princess+mononoke+1997,135
485072,caught+1987,18
354143,toy+story+1995,48
125320,hellboy+ii+the+golden+army+2008,94
171976,the+four+seasons+1981,87
257218,the+good_+the+bad+and+the+ugly+1966,98
514535,dont+say+a+word+2001,43
178518,a+tale+of+two+sisters+2003,75
576559,harry+potter+and+the+deathly+hallows+part+2+2011,101
279758,batman+the+dark+knight+returns_+part+1+2012,50
12052,yrrol+1994,30
30347,the+princess+of+montpensier+2010,54
539510,828+am+2010,11
86365,the+house+on+92nd+street+1945,12
424770,kabul+express+2006,73
475687,ice+station+zebra+1968,87
133154,wolves+2014,43
100522,along+the+sungari+river+1947,16
315190,third+star+2010,15
264659,saving+private+ryan+1998,102
47266,the+incredibles+2004,98
174778,seven+minutes+2009,79
164085,evidence+2013,22
605275,harry+potter+and+the+deathly+hallows+part+2+2011,119
459819,santos+2008,87
491603,repo+the+genetic+opera+2008,35
562501,forrest+gump+1994,51
280902,bird+1988,63
40050,the+lord+of+the+rings+the+return+of+the+king+2003,140
92663,avatar+2009,57
546809,the+hobbit+the+battle+of+the+five+armies+2014,101
549658,the+avengers+2012,115
533247,the+europeans+1979,53
492899,american+gigolo+1980,83
339512,ice+age+the+meltdown+2006,15
137788,rio+2+2014,21
500105,troy+2004,46
31273,the+sound+of+music+1965,64
422422,pom+poko+1994,57
224129,the+sweet+hereafter+1997,87
108143,the+talented+mr.+ripley+1999,128
512266,star+wars+1977,48
324631,the+day+the+earth+stood+still+1951,38
508993,the+mask+1994,77
263920,2+days+in+paris+2007,42
126056,scarface+1983,57
218498,i_+robot+2004,54
251513,life+or+something+like+it+2002,52
448098,facing+windows+2003,8
408770,the+dark+knight+rises+2012,3
555479,the+prodigal+son+1981,7
395741,the+green+mile+1999,14
448624,spider-man+3+2007,110
327581,the+day+the+earth+stood+still+1951,1
391139,the+shining+1980,19
183389,bullies+1986,17
441161,jesus+1979,99
459073,aliens+1986,123
214404,the+message+1977,97
553472,forrest+gump+1994,94
85126,pulp+fiction+1994,90
435293,the+straight+story+1999,66
339026,saving+private+ryan+1998,103
385008,kingsman+the+secret+service+2015,20
536271,red+2+2013,106
564445,akira+1988,69
348490,i_+robot+2004,36
89499,frozen+2013,27
359107,interceptor+1992,26
351311,the+terminator+1984,3
103664,the+hunchback+of+notre+dame+1996,37
600237,harry+potter+and+the+deathly+hallows+part+2+2011,43
330613,terminator+2+judgment+day+1991,18
205561,monsters_+inc.+2001,11
83366,guardians+of+the+galaxy+2014,80
417777,castle+in+the+sky+1986,105
446495,our+lady+of+the+assassins+2000,86
491467,the+parking+lot+movie+2010,44
22913,the+lord+of+the+rings+the+fellowship+of+the+ring+2001,133
48979,the+beaches+of+agns+2008,110
377202,la+notte+1961,92
138305,a+tale+of+two+sisters+2003,112
122547,fight+club+1999,76
109765,chaar+sahibzaade+2014,7
144002,sarah+silverman+we+are+miracles+2013,20
433020,let+the+right+one+in+2008,109
533264,senna+2010,36
127993,mo+better+blues+1990,108
434749,the+lord+of+the+rings+the+fellowship+of+the+ring+2001,80
459554,whiplash+2014,78
463357,the+little+mermaid+1989,42
468074,bandit+queen+1994,7
15011,interstellar+2014,142
598458,dial+m+for+murder+1954,52
494757,close+encounters+of+the+third+kind+1977,34
214729,raiders+of+the+lost+ark+1981,68
1958,pusher+1996,103
499639,the+land+before+time+ii+the+great+valley+adventure+1994,32
252971,harry+potter+and+the+half-blood+prince+2009,2
500496,sade+2000,21
169200,leon+the+professional+1994,7
130246,casino+1995,160
239750,alien+1979,93
15028,15+minutes+2001,6
461417,outskirts+1933,12
202937,postcards+from+the+edge+1990,63
101050,from+russia+with+love+1963,70
341197,tag+the+assassination+game+1982,81
552313,the+fifth+element+1997,83
393988,priest+2011,32
335321,airplane+1980,5
224966,the+sea+is+watching+2002,7
40614,the+ewok+adventure+1985,72
432328,the+new+one-armed+swordsman+1971,79
150481,insurgent+2015,115
215595,man+on+a+ledge+2012,85
452875,spellbound+1945,86
461327,gladiator+2000,74
467006,the+lord+of+the+rings+the+two+towers+2002,16
183342,shark+tale+2004,73
300029,cloudy+with+a+chance+of+meatballs+2+2013,88
489332,indiana+jones+and+the+last+crusade+1989,7
165224,airplane+1980,48
328460,catfish+in+black+bean+sauce+2000,45
398395,about+a+boy+2002,55
